:020000040000fa
:080000000002040000000000f2
:020000040000fa
:04000800640400008c
:020000040000fa
:04000c006c04000080
:020000040000fa
:04001000a404000044
:020000040000fa
:040014007404000070
:020000040000fa
:040018007c04000064
:020000040000fa
:04001c00a404000038
:020000040000fa
:04002000a404000034
:020000040000fa
:04002400a404000030
:020000040000fa
:04002800a40400002c
:020000040000fa
:04002c00a404000028
:020000040000fa
:04003000a404000024
:020000040000fa
:0400340004030000c1
:020000040000fa
:04003800a40400001c
:020000040000fa
:04003c00a404000018
:020000040000fa
:04004000a404000014
:020000040000fa
:04004400a404000010
:020000040000fa
:04004800fa020000b8
:020000040000fa
:04004c00a404000008
:020000040000fa
:04005000a404000004
:020000040000fa
:04005400d4030000d1
:020000040000fa
:04005800a8030000f9
:020000040000fa
:04005c00820300001b
:020000040000fa
:04006000a4040000f4
:020000040000fa
:04006400a4040000f0
:020000040000fa
:04006800a4040000ec
:020000040000fa
:04006c00a4040000e8
:020000040000fa
:04007000a4040000e4
:020000040000fa
:04007400a4040000e0
:020000040000fa
:04007800a4040000dc
:020000040000fa
:04007c00a4040000d8
:020000040000fa
:04008000a4040000d4
:020000040000fa
:04008400a4040000d0
:020000040000fa
:04008800a4040000cc
:020000040000fa
:04008c00a4040000c8
:020000040000fa
:04009000a4040000c4
:020000040000fa
:040094006003000005
:020000040000fa
:04009800a4040000bc
:020000040000fa
:04009c00a4040000b8
:020000040000fa
:0400a0001c0400003c
:020000040000fa
:0400a400a4040000b0
:020000040000fa
:0400a800a4040000ac
:020000040000fa
:0400ac00a4040000a8
:020000040000fa
:0400b000a4040000a4
:020000040000fa
:0400b400a4040000a0
:020000040000fa
:0400b800a40400009c
:020000040000fa
:0400bc00a404000098
:020000040000fa
:0400c000a404000094
:020000040000fa
:0400c400a404000090
:020000040000fa
:0400c800a40400008c
:020000040000fa
:0400cc00a404000088
:020000040000fa
:0400d000a404000084
:020000040000fa
:0400d400a404000080
:020000040000fa
:0400d800a40400007c
:020000040000fa
:0400dc00a404000078
:020000040000fa
:0400e000a404000074
:020000040000fa
:0400e400a404000070
:020000040000fa
:0400e800a40400006c
:020000040000fa
:0400ec00a404000068
:020000040000fa
:0400f000a404000064
:020000040000fa
:0400f400a404000060
:020000040000fa
:0400f800a40400005c
:020000040000fa
:0400fc00a404000058
:020000040000fa
:04010000a404000053
:020000040000fa
:04010400a40400004f
:020000040000fa
:04010800a40400004b
:020000040000fa
:04010c00a404000047
:020000040000fa
:04011000a404000043
:020000040000fa
:04011400a40400003f
:020000040000fa
:04011800a40400003b
:020000040000fa
:04011c00a404000037
:020000040000fa
:04012000a404000033
:020000040000fa
:04012400a40400002f
:020000040000fa
:04012800a40400002b
:020000040000fa
:04012c00a404000027
:020000040000fa
:04013000a404000023
:020000040000fa
:04013400a40400001f
:020000040000fa
:04013800a40400001b
:020000040000fa
:04013c00a404000017
:020000040000fa
:04014000a404000013
:020000040000fa
:04014400a40400000f
:020000040000fa
:04014800a40400000b
:020000040000fa
:04014c00a404000007
:020000040000fa
:04015000a404000003
:020000040000fa
:04015400a4040000ff
:020000040000fa
:04015800a4040000fb
:020000040000fa
:04015c00a4040000f7
:020000040000fa
:04016000a4040000f3
:020000040000fa
:04016400a4040000ef
:020000040000fa
:04016800a4040000eb
:020000040000fa
:04016c00a4040000e7
:020000040000fa
:04017000a4040000e3
:020000040000fa
:04017400a4040000df
:020000040000fa
:04017800a4040000db
:020000040000fa
:04017c00a4040000d7
:020000040000fa
:04018000a4040000d3
:020000040000fa
:04018400a4040000cf
:020000040000fa
:04018800a4040000cb
:020000040000fa
:04018c00a4040000c7
:020000040000fa
:04019000a4040000c3
:020000040000fa
:04019400a4040000bf
:020000040000fa
:04019800a4040000bb
:020000040000fa
:04019c00a4040000b7
:020000040000fa
:0401a000a4040000b3
:020000040000fa
:0401a400a4040000af
:020000040000fa
:0401a800a4040000ab
:020000040000fa
:0401ac00a4040000a7
:020000040000fa
:0401b000a4040000a3
:020000040000fa
:0401b400a40400009f
:020000040000fa
:0401b800a40400009b
:020000040000fa
:0401bc00a404000097
:020000040000fa
:0401c000a404000093
:020000040000fa
:0401c400a40400008f
:020000040000fa
:0401c800a40400008b
:020000040000fa
:0401cc00a404000087
:020000040000fa
:0401d000a404000083
:020000040000fa
:0401d400a40400007f
:020000040000fa
:0401d800a40400007b
:020000040000fa
:0401dc00a404000077
:020000040000fa
:0401e000a404000073
:020000040000fa
:0401e400a40400006f
:020000040000fa
:0401e800a40400006b
:020000040000fa
:0401ec00a404000067
:020000040000fa
:0401f000a404000063
:020000040000fa
:0401f400a40400005f
:020000040000fa
:0401f800a40400005b
:020000040000fa
:0401fc00a404000057
:020000040000fa
:04020000a404000052
:020000040000fa
:04020400a40400004e
:020000040000fa
:04020800a40400004a
:020000040000fa
:04020c00a404000046
:020000040000fa
:04021000a404000042
:020000040000fa
:04021400a40400003e
:020000040000fa
:04021800a40400003a
:020000040000fa
:04021c00a404000036
:020000040000fa
:04022000a404000032
:020000040000fa
:04022400a40400002e
:020000040000fa
:04022800a40400002a
:020000040000fa
:04022c00a404000026
:020000040000fa
:04023000a404000022
:020000040000fa
:04023400a40400001e
:020000040000fa
:04023800a40400001a
:020000040000fa
:04023c00a404000016
:020000040000fa
:04024000a404000012
:020000040000fa
:04024400a40400000e
:020000040000fa
:04024800a40400000a
:020000040000fa
:04024c00a404000006
:020000040000fa
:04025000a404000002
:020000040000fa
:04025400a4040000fe
:020000040000fa
:04025800a4040000fa
:020000040000fa
:04025c00a4040000f6
:020000040000fa
:04026000a4040000f2
:020000040000fa
:04026400a4040000ee
:020000040000fa
:100400008f6221000eff27000e018800000000000f
:10041000000020000000e000020032000001200087
:100420002002880014000700490107000000e000d6
:1004300003003a004055240001002000020037006c
:100440000000200001002000810f70000100320038
:100450000f000700000020000000e0000200320052
:100460000000020000000000e01602000000000092
:100470000040da000000fe00200020000000e00044
:1004800002003200100020009001880000000600e9
:10049000a1028800800478000000eb001f003700f4
:1004a000e284440054a0b4009905ba00e2844400f8
:1004b00054a0b4009906ba00e284440054a0b400e9
:1004c0000006eb00476fde00fd07b200ae018800ba
:1004d000636ce10003003a000ad801000000eb0061
:1004e0000e003700606ce10008003a00004deb00a0
:1004f0000a05e800020039003420ec000af0a000f0
:100500008b05e900f9ff3e00040037006168e10057
:10051000010032000086eb000b00070019c7ba008b
:100520000e04e0001905ba0003003a000a00e000da
:10053000dbff3a0000000600fe07b200ae028800b2
:100540008a047800f5ff37000cd0a300e20f4d00bd
:100550001c003b0089027800354dba000a05e8000e
:10056000020039003420ec000af0a0008b05e900fd
:100570000f003200254dba000a05e80002003900dc
:100580003420ec000af0a0008b05e90008003200de
:100590000c00e0000600320015cdba000a05e800a4
:1005a000020039003420ec000af0a0008b05e900bd
:1005b0008984e80054a0b4000b00e000e2ff3a0098
:1005c000000006009902ba00055d78008b05e9007d
:1005d000f7ff3200c82ade00055d78008b05e900d0
:1005e000f3ff32000c00e000f1ff320019ddba0029
:1005f000eeff37000000fa000108a900000000002b
:100600000080fa00004006003600f800809fbe001f
:10061000829fbe00849fbe00869fbe000000fa003d
:100620000068a9000d220700600b0700031c0700eb
:100630009f1f0700200f0700271807000084800075
:100640000000e80000848800018480004001200050
:1006500000017800110009008200d8008000fd0030
:100660000000e00003003a00751d0700100920009b
:100670005719070001848000a00f200000017800b6
:10068000110009008200d8008000fd000000e00099
:1006900003003a0030062000fc1807008030ef000d
:1006a000000000000080fa004f03be004f02be00b1
:1006b0004f01be004f00be003600f90000400600aa
:1006c000809fbe00829fbe000000fa000368a90060
:1006d000e2838000f38380001000200001002000ee
:1006e0000200400083804800e0838800f183880096
:1006f000000000000080fa004f01be004f00be0065
:1007000000400600801f78000000fa0001a8a90040
:1007100000188000e0b0880010188000f0b0880059
:100720002018800000b188003018800020b18800b7
:100730004018800010b1880010c0b300a1f0b700cd
:10074000000000000080fa004f0078000040060022
:100750003600f800809fbe00829fbe00849fbe00ce
:10076000869fbe000000fa000188a9006184800015
:1007700050848000808f500002003200a1200700ca
:10078000010037008e70ef00000000000080fa00ca
:100790004f03be004f02be004f01be004f00be001f
:1007a0003600f900004006003600f800809fbe00c9
:1007b000829fbe00849fbe00869fbe000000fa009c
:1007c0000168a900101180004200de006140600055
:1007d000e14f500001003a002242a90010118000b0
:1007e0000000d10061406000e14f500005003a0078
:1007f0002222a90003003700301180000040780059
:100800004422070010118000004078006140600021
:10081000e14f5000f8ff3200000000000080fa00b5
:100820004f03be004f02be004f01be004f00be008e
:100830003600f900004006003600f800809fbe0038
:10084000829fbe00849fbe00869fbe000000fa000b
:1008500003c8a900901180004200de0061406000e2
:10086000e14f500001003a003242a900901180008f
:100870000000d10061406000e14f500005003a00e7
:100880003222a90003003700b01180000040780038
:1008900062220700901180000040780061406000f3
:1008a000e14f5000f8ff3200000000000080fa0025
:1008b0004f03be004f02be004f01be004f00be00fe
:1008c0003600f90000400600962207000000fa00fa
:1008d000c028a900ffff3700922207000000fa009d
:1008e000c068a900ffff37008e2207000000fa0051
:1008f000c048a900ffff37008a2207000000fa0065
:10090000c088a900ffff3700862207000000fa0018
:10091000c028a900ffff3700822207000000fa006c
:10092000c068a900ffff37007e2207000000fa0020
:10093000c048a900ffff37007a2207000000fa0034
:10094000c088a900ffff37000040da000000fe0069
:100950000000050014002000af033700f4ff2f0053
:10096000ad0337000001be00410007000470a7007e
:1009700003f0a1006509b100160032000d0035003a
:100980006828e10006003500f0ff2f00f1ff270086
:100990000300e00013003b000100280000000500f8
:1009a00000004000818048008502e900fcff3a0019
:1009b00008003700f88f420002003c008000eb0086
:1009c000000005008100d1000080d3008502e8000e
:1009d000fcff3a000300e00002003b006000100052
:1009e000e0801800000006000001be0020000700a3
:1009f0000470a70003f0a10003f8a30013003a005d
:100a00006509b10010003200090035006928e100d5
:100a10000200350001002800000005000000400031
:100a2000818048008502e900fcff3a0000000600d2
:100a3000f88f4200050035008100d1000080d3000e
:100a40008502e800fcff3a00000006008000eb0091
:100a5000000005004f89de0082017800890337001d
:100a60006011b80097033700040020006a033700c4
:100a7000c70ade00f107b200f50fb200080032002d
:100a8000e1cf4200020032000170a0002400050006
:100a9000810f7000010032000408050044000500c9
:100aa000810f700002003a00140005008502e90081
:100ab0000000400081c04800fcff3b000170a00026
:100ac0002400050007f82700078361000638e100cd
:100ad00004003a00f7072000878361008703710054
:100ae00001003a0003f0a200889fbe008a9fbe006a
:100af0008c9fbe00470ade000480a100c71ade00fa
:100b00000580a10007002800078560008785610037
:100b1000f70f20000720e1009e0032000728e100c7
:100b20009c003200010678000400e000b4003200ae
:100b3000f7072000878060000170a0000500e0003a
:100b4000c0003200f7072000878161000370a00019
:100b5000050652000f003a000b50e1000b00320076
:100b60000308e10002003a000200e1007e003200ca
:100b70000204500083845800040031000001fd008d
:100b80008101fd008402fd008a05fd006044b8007b
:100b9000210037000520e10005003d000001fd00b7
:100ba0008101fd008402fd008a05fd00050652005a
:100bb0007a60e100050035000170a1004722dd00e8
:100bc000848070008a807000630037006044b80041
:100bd000ef02660007ff2f00070666000500e00031
:100be00006003400f08312008714dd000511de00da
:100bf000071bdd00060171008519de007060e10051
:100c000005003500090478008204780003017800ab
:100c10008001eb00700656000b50e10003003a0023
:100c20000200400083804800040037006004140084
:100c3000e0841c0002005800838058000188a30053
:100c4000060032008100d1000080d3008984d300e7
:100c50000884d3000402e800270037000178a300cd
:100c600025003a000100e000030032008186cf0039
:100c7000698656000a0037008c0020000000e00062
:100c800004003a0009007800880478000004eb00b2
:100c9000700252008086cf000d0646000c06e90067
:100ca0007060e100060035008000780009007800df
:100cb000880478000004eb007006560070025200b1
:100cc0000c00e0000c0034008c08dd00f00316007e
:100cd0000703de00868070000c00dd00074bde009d
:100ce000060070008c4cdd000743de008684740033
:100cf0000c44dd000c0252006120e10020003500b0
:100d0000610160000700280087816400f7ff270069
:100d100087836400070374000300e00006003200cc
:100d200082037300040032000000e800e080480005
:100d30000188a3000e003a00f70f20000720e10011
:100d40004a003d000170a1004722dd0081007200d1
:100d50008a8070000000be004f06be004f05be0036
:100d60004f04be00000006006000b800faff370024
:100d70008100d1000080d3000402e800eeff3700bc
:100d80000401780089017400a10107008a807000c5
:100d9000f1ff3700f7010700070278000001fd00ae
:100da0008101fd00f30107008702780085037200ce
:100db0000778a300040032000001fd008101fd005e
:100dc00006020700e4ff3700850362000768a300fe
:100dd000080032000b50e10003003200f0ff2f004a
:100de000f1ff2700dcff37000001fd008101fd005d
:100df000d9ff37000468a300d7ff3200faff37009d
:100e0000f8ff2700888360000b003a000000e00034
:100e100009003a00830364008283730002003200f9
:100e20000200be00ccff37000b50e100ceff3a00bd
:100e30000200be00c8ff37001400200081006400db
:100e40003eff3700f8ff27008883610004003a0066
:100e50000200e00002003a008c007800beff37007c
:100e6000150020008301640039ff370001f82700d6
:100e70000000200081007500b7ff3700889fbe008a
:100e80008a9fbe008c9fbe001b0020000202be0095
:100e90000586680006002800060666004709de0091
:100ea000f20fb200820032000243e80080003200fc
:100eb000c729de00f30fb2007d0032000343e800d3
:100ec0007b003200f107b2000170a000f507b2000c
:100ed0000570a000c708dd004903de0086807000b1
:100ee0004700dd00c72add004923de00868272004c
:100ef0004722dd000305510004035000858358009c
:100f00000300310000004000818048000a05e9002c
:100f10008c1f78008a9fbe00040050008580580016
:100f20000402420085824a0000004000818048009f
:100f30000005eb000004be006033b8000406be00ec
:100f40000d48e10056003100110009004dccd800d9
:100f50000c01b8000d02b8008481410060824a0093
:100f60008283530003045c0084845c0060055d00a0
:100f70000a00e00025003a00800578000d40e100fd
:100f8000490031008800780007007800110009004e
:100f90004d88d8000c01b8000d02b80084814100d2
:100fa00060824a006003110083835b0004045c00dc
:100fb000e0845c000900e00021003a004f01be001f
:100fc0000300e0002b003200e3016000070673001d
:100fd0008c81710001003200640070004200de006c
:100fe0004e5edd000c007000c258de0001e0a00083
:100ff00083010700cf017800818071004f06be0099
:101000004f05be004f04be00000006008c83430065
:101010000d044c00e0844c0060054d000000e90028
:101020000a00e000d4ff32008c8343000d044c0022
:10103000e0844c0060054d000000e900ceff370061
:101040000c0343008d834b0060044c00e0844c0093
:101050000000e9000900e000d8ff32000c03430063
:101060008d834b0060044c00e0844c000000e900dc
:10107000d2ff37004200de004e5edd000c00700043
:10108000c258de0001e0a000cf0178000300e000bc
:10109000daff320060001000e0801800d7ff370050
:1010a000f0ff2f00aaff3700f0ff2f00b9ff370035
:1010b0000404be002f010700870678000004fd002d
:1010c0008104fd002b010700078366000678a3005a
:1010d000030032000960a7000800be002c003700a2
:1010e0000d78a300020032000800be00280037007f
:1010f0000778a30026003a0001f0a10009f0a10042
:101100000668a30003003200f1ff2700f0ff2f0064
:10111000baff37000d68a300030032000800be00cc
:101120008c807000b5ff37000768a30007003a0005
:101130000648a30003003200f1ff2700f0ff2f0054
:10114000aeff37000d48a300030032006000b80076
:101150008c807000a9ff37000748a300040032000c
:1011600001f82700000020008c807000a3ff3700ea
:10117000760107000004fd008104fd0002057800ef
:10118000720107000802be008a01780059ff37008b
:101190000160a000120220001285880097ff37002e
:1011a0000100e000120032000500e00010003200f3
:1011b000889fbe008a9fbe008c9fbe000006eb0089
:1011c00001f8a3000300320060001000e080180066
:1011d0000cf0a00005f8a30003003200600212002a
:1011e000e0821a000cf0a2008005eb0041ff3700fe
:1011f0006000b800020005000383680007002800b3
:1012000007036300470ade000480a100c71ade005e
:101210000580a100f70f20000720e1004200320006
:101220000728e10040003200889fbe008a9fbe0070
:101230008c1f7800f107b200f307b2000400e00051
:10124000640032000170a0000500e0006800320078
:101250000370a00085054200eb07b1000204b8004e
:101260000302b8008484440060854a00020ab80082
:10127000848444000a854a00030ab8000405450036
:10128000040033000804d0008984d2000a85d2000b
:101290008b05e9006158e1003d0035000210200097
:1012a000090161000308200089816100f70720001f
:1012b0008783640008867300c84cde00c853dd00d5
:1012c000878474004855de000300e0000600320009
:1012d00082037600040032008904e80060054d00b6
:1012e0000a88a3000c003a00f70f20000758e1001d
:1012f00044003d000a70a100c75ddd000a8575004d
:101300008a007300090078004f0678004f05be0080
:101310004f04be00000006000a05d1008984d300f6
:101320008b05e800f0ff3700881f7800060478007e
:1013300090000700070278000001fd008101fd0018
:101340008c00070087027800850372000778a300ed
:10135000050032000001fd008101fd009f00070033
:101360004f04780000000600850372000748a300c0
:1013700003003200f0ff2f00f1ff2700f8ff3700d5
:101380000000200001f8270088807000f4ff37007b
:10139000880178004848dd00808171004848de00ff
:1013a000c850dd0001007000c850de00060478005f
:1013b0000b0178001600070088807000d2ff37000c
:1013c0000500e00005003200170020003a00070089
:1013d0009dff370081037000f9ff3a008600780016
:1013e0004f0678004f05be004f04be000000050008
:1013f00083037100f9ff3200270020002e00070050
:1014000094ff370001f8270086807000f4ff370052
:101410000100e00026003200610111007810e100b7
:1014200023003c006022b8007010e1000400350089
:1014300080027800010078008000eb00700151000c
:101440000200e0000900340070031100062add00ec
:10145000822ade008603dd00878272000200de0041
:10146000860bdd00070070008208de0084817100b9
:10147000f4ff2700048262008481710004002800c8
:10148000848262006102600005f0a6000000060090
:1014900004827100070032000000e800e08048008c
:1014a000000006000002be006000b800efff370039
:1014b0006000b80000000600889fbe000004eb003a
:1014c0006138e10016003a000100e00008003a002f
:1014d000c800de004800dd00880020000100e000b8
:1014e00003003a00c800de004800dd006804440044
:1014f0008184cf00e9845400060034008908dd00af
:10150000f08314008703de00878070000900dd008f
:1015100009044400610214004f04be0000000600ec
:101520000300e00008003a00c811de004811dd00a9
:10153000880020000300e00003003a00c811de002c
:101540004811dd00680444008384cf00e98454001e
:10155000060034008919dd00f08314008713de00d3
:10156000878171000911dd0009044400e1021400c3
:10157000e9ff37002700200001f0a7001700200036
:10158000470bde00f60fb200040032000643e8000d
:101590000a0032004702b300000006000103780091
:1015a000f607b2000603700002003a000703b3001a
:1015b000000006008702b300000006000103780067
:1015c000f607b20006037000020032000770a000a8
:1015d000000006000760a000000006000478a300d9
:1015e000040032000578a300030032000168a30064
:1015f00001003a000200be000160a00000000600e9
:1016000081017000270032008002eb0001f8a30086
:101610000300320060001000e08018001500200078
:10162000f40720000202420020003400f7032000eb
:101630008703600006042000000363000208200006
:10164000000161004700de00c909dd000080710073
:10165000c708de000600e0000800320087037100c2
:10166000060032001000b0000180b0000188a30025
:1016700002003200c108de000402e800f107b200f7
:10168000f30f20000320e10003003d004722dd00ae
:10169000810072002900370001f827000000eb00ec
:1016a000260037006000b800000006006802120043
:1016b0007f20e100020034006000b8001f00370006
:1016c0006011b8007020e10004003500800178004e
:1016d000010078008000eb00700252000400e0007e
:1016e00009003400f00312000719dd008419de0040
:1016f0000703dd00868171000400de00070bdd00ba
:10170000060070008408de00f7ff27008383630073
:1017100087037100060028000303630007003200fe
:101720000700e00003003a006101600002817300dd
:10173000020032001000b0000180b0000500a600d9
:101740000000060001f0a000000006004f0ade00c5
:101750004709de00f107b200f20fb2000b003200c1
:10176000f207b1000170a000c708dd00c901de006a
:10177000838070004700dd000400a6000000060022
:1017800060001000e080180000000600810f70006b
:1017900001003a00000006008182cf000500e00051
:1017a00010003e008082cf00ee8242007028e100ef
:1017b0000400390007003e00800078000000eb00c4
:1017c0000e003700708312008600de000500dd0089
:1017d0000a003700708352008600dd000000eb0035
:1017e00006003700e28252008508dd007083120097
:1017f0000603de00868070000500dd007507b0007e
:101800000501ea000400a6000000060060001000c8
:10181000e080180000000600889fbe008a9fbe007e
:10182000841f78007c0007004f007800110033000f
:10183000f0ff2f00838f6c0006003b00040565005d
:101840000a00a7000800370009f0a60010002000d9
:1018500008003700820f5400838f5c0003003900ba
:101860001000200001003e000000200009f0a70049
:101870000000ea004f05be004f04be000000e0007b
:1018800000000600881f7800030478000300e000d1
:1018900007003d0060001000e080180060011900a2
:1018a000e081190002003b0001f02d000300370029
:1018b0000400070008f0a70001f0a0004f04780022
:1018c00000000600889fbe008a9fbe000082700054
:1018d0000402710004827100260032000004be0080
:1018e0000200be006011b8006b09200095022000c4
:1018f0000182cf000a0039000541b1000082cf000b
:10190000070039000541b1000982cf000400390009
:101910000541b1000882cf00010039000541b10046
:1019200005425200120032000a003b008281710021
:10193000610164008100d1000080d3008984d3005c
:101940000884d3008b05e8000442e800f7ff3a0062
:10195000070037000804440089844c000000480058
:10196000818048008b05e9000442e900f9ff3a0054
:10197000030007004f05be004f04be000000060034
:1019800081002000618055000b003d000b0020000d
:1019900061fe2f000100e1001d0034008281710012
:1019a000610164008904d1000884d3000000e800cc
:1019b000faff3a007100200061006400030070002b
:1019c000020060000900320061044400e0844c0021
:1019d0000988a500050032008b05e8006808e100d1
:1019e00002003a008904d1000884d300f20f2000dd
:1019f0000258e10005003d00c75ddd00f907b200b7
:101a00008980750008007800000006000bf82700a8
:101a10008b007800000005000004be0014fc0700e5
:101a20000003be000405be000200be0010fc07005b
:101a3000844f7500000006000400fa00889fbe0075
:101a40008a9fbe008c9fbe000205be000bf0a10065
:101a50000800200009f82700880f5500898f5d00d5
:101a600005003e000003be0007f0a100880f5300f0
:101a7000898f5b00060036001bfc07004f06be0086
:101a80004f05be004f04be000080fa0000000600b3
:101a90000800200009f82300880f5100898f5900a1
:101aa00002003a0097000700f4ff37004e1cde00ea
:101ab0000900200088bf9f0099bf9f000fbe9700bc
:101ac000620466008004eb004f0ade00050020007f
:101ad0000404740085847400e00f5300e08f5b0001
:101ae00009003a00e20f5400e08f5c007f003200f2
:101af000e20f5400e08f5c00e0ff3900e30f540078
:101b0000e08f5c005f003200e00f5500e08f5d0069
:101b100008003a00610064008000eb00e00f500014
:101b2000e08f580074003200b0fd200091fc2b00c3
:101b3000d2ff37000400200005f82700840f55006d
:101b4000858f5d000f003a008a0f53008b8f5b007a
:101b500040003a00e10f5400e08f5c005800320072
:101b6000e00f5400e08f5c0058003200e20f540098
:101b7000e08f5c002b003200e30f5400e08f5c002c
:101b8000310032000c0020000dd020000a02460077
:101b90008b824e00840f5300858f5b00ddff3e007b
:101ba0000400200005f82700840f5300858f5b0098
:101bb000d8ff3200620264008002eb00e00f5200a6
:101bc000e08f5a00050032000606460087864e0068
:101bd0008c0f55008d8f5d002d003e00a7fc070087
:101be0008101070047000700e10f5400e08f5c000f
:101bf00029003200e00f5400e08f5c009fff3200ac
:101c0000e20f5400e08f5c0025003200e2d22b008e
:101c1000b33b2300b4fb0700b2fd20009304240073
:101c2000250037000200200003042400b0fd20003e
:101c30009104240070fd07000200200003e8230047
:101c40006dfd07008dff37000200200003042c000b
:101c5000f6ff3700e10f5400e08f5c001e003200f9
:101c6000e00f5400e08f5c001e003200e20f5400d1
:101c7000e08f5c001d003200e30f5400e08f5c0039
:101c8000c0ff3a00b0fd200091042c007bff37001c
:101c90006000b800d4ff370001f0a20077ff3700e2
:101ca000e2d22b00b33b23008ffb07000001be00f4
:101cb000b0fd20009104240082fb07006fff370075
:101cc000b0fd200091f42b006cff3700b0fd200028
:101cd00091f4230069ff3700000020000100280074
:101ce00066ff37006000b80064ff3700b0fd2000d9
:101cf0009104240061ff3700b0fd200091fc230017
:101d00005eff3700ea874700889fbe008a9fbe00bb
:101d10008c9fbe008e1f78000002be004f0dde00bb
:101d20000b002000000478008504780009f0a10071
:101d3000f0ff2f00f1c72400800f5400818f5c005a
:101d4000100036000000200001f82700800f54002a
:101d5000818f5c0025003e00020020000338200037
:101d6000a0fd200091fc23005ffb07000002be00e5
:101d7000e00f5500e08f5d001c00320005f0a2006e
:101d80001a003700f0ff2f00f1ed2300800f540000
:101d9000818f5c001c003e000087eb00f0ff2f00ed
:101da000f1972300800f5400818f5c0033003e00c8
:101db0006000b80003f8270085806100e00f500044
:101dc000e08f580009003a000401be000400be0084
:101dd000f4b79f0085bf9f0007fd0700d0b79f00a5
:101de000e1b79f007fb297008fba97000400be0052
:101df0004f0778004f06be004f05be004f04be00df
:101e0000af00b100000006000400be00f6000700ad
:101e10000006be00f0ff2f0071f92300800f540070
:101e2000818f5c0055003e00f0ff2f00f1f223008f
:101e3000800f5400818f5c0041003e000c01be0009
:101e40000c00be0028fb07000200200003f823005e
:101e50001cfb07000004be00020020000300240059
:101e60000c00be0020fb07000001be000800be0001
:101e700002fc07000002be000007eb000401be00e8
:101e80000400be00f4b79f0085bf9f00dafc070086
:101e90000006be000001be00d7fc07000004be0023
:101ea00052c22a00c3d72300d3fc0700d2502f0010
:101eb00013e123000cfb07000801be00cefc070065
:101ec00092aa2a00a3ea230007fb07000c01be0028
:101ed000c9fc07000006be0072242100a3dd2b0010
:101ee0000800be00c4fc070082a92c00c3e4230044
:101ef000f4fa07000801be00bffc07000001be00a5
:101f00000c00be00f8fa07007fb297008fba970066
:101f10000401be00b8fc07000003be000e00e00094
:101f20007fb297008fba970032003d000001be00db
:101f30000400be00e3fa07000002be00abff37005a
:101f40000200200003f823000c00be00ddfa0700a9
:101f50000004be000200200003f823000c00be00b5
:101f6000e1fa07000001be000800be00c3fb070045
:101f70000002be001e002000c0ff3700f0ff2f004f
:101f8000b1012400800f5400818f5c0012003e00dc
:101f90000200200003fc23000c00be00c9fa070069
:101fa0000004be000200200003fc23000c00be0061
:101fb00091fc07000200200003f82300cafa070082
:101fc0000001be000800be00acfb07000002be001e
:101fd0002e002000a9ff37000c01be0000002000e9
:101fe00001f82b00a5fb07000002be003e00200008
:101ff000a2ff37004277dd00c86021000e044400d4
:10200000c05f21000e0740001e0178009e01900075
:102010000600be00f4b79f0085bf9f00a9fa070025
:102020007fb297008fba97000401be00a5fa07009f
:102030000001be001800780098009000a1fa070087
:102040004aff37000400fa000001be0003f0a100bf
:10205000a4fd200095f42300840f5100858f5900c2
:102060000e003e00f4ff2f00f5972300840f51006f
:10207000858f59003a003e000200200003b8270077
:1020800099fa0700e0bf9f00f1bf9f000000200009
:1020900001f823000080fa00000006004f0ade006d
:1020a00005002000163d2500b7072400860f5100cb
:1020b000878f59001b003e0036be2c0067012400ac
:1020c000860f5100878f59000a003600b2fd2000ac
:1020d000930424000400e0000400320082fa0700a8
:1020e0003a02070001f0a200eaff370075fa070084
:1020f000fbff37000400e00005003200b2fd2000c5
:1021000093fc230078fa0700bb020700e1ff3700c9
:102110000001be00b0fd200091fc230069fa070019
:10212000f9ff3700561d2300270e2400860f5100ab
:10213000878f590014003e00f6dd2e00f70a2400b8
:10214000860f5100878f590009003600b2fd20002c
:10215000930c24000400e0000300320062fa070040
:102160001a020700cbff370056fa0700fcff3700c2
:102170000400e0000100320001f0a20042be2c0089
:1021800063092400e5ff3700f4ff2f00f5f727006f
:10219000840f5100858f5900040036000001be00f5
:1021a0000200be0047fa0700baff3700c2ff2f0047
:1021b0000f01410039020700630160006fb897000a
:1021c000ffb89700e10f510005003200e20f510007
:1021d000c3ff32000200e000cbff3a00e0ff37000f
:1021e00001f0a200c8ff37000101780002f0a10051
:1021f00082007800000006000400fa00889fbe00fc
:102200008a9fbe000203410083834900e00f530010
:10221000e08f5b000f0032000202be0005f0a1005b
:102220000800200009f82700880f5200898f5a0003
:1022300008003e00a0bf9f00b1bf9f00470dde0019
:102240000b002000f40f20000a056200840f5500e7
:1022500007003a00e8fb07000001be0007fb07008b
:102260004f05be004f04be000080fa0000000600cb
:102270000002400081824800840f5300858f5b007c
:1022800006003900840f5300858f5b00f4ff3a008d
:102290006011b800d8fb0700f1ff37000a00e0002a
:1022a0004c003a002fbb9700bfbb9700493add00b6
:1022b000c732de00850272004932dd00e00f5200b5
:1022c000e08f5a003f003d00610215002fbb9700d0
:1022d000bfbb9700040478000804e9000300330042
:1022e0000603430087834b00fbff37000602be0056
:1022f000471bde00070020000683fb000600e0000d
:102300003d003a00491cdd00c714de00890474005a
:102310004914dd00e00f5400e08f5c0032003d0006
:10232000e10313000204be008703e9000300330049
:102330000804440089844c00fbff37000801520068
:1023400089815a00860f55002f003c00e00f510094
:10235000e08f590004003500e00f5100e08f590074
:10236000cbff32000202be004728de000100200041
:10237000e00f5000e08f58002e0032000a00e0000d
:10238000300034000000200001f82f00040240005b
:10239000858248006150b900c700dd0000002000c0
:1023a00004007000858070006022b80002002800e0
:1023b000bfb9970083026100000072008180720043
:1023c000a7ff37000a05e9000402420085824a009f
:1023d000baff37002fba9700bfba9700f507b200cf
:1023e0000570a000c2ff37000603e900080444009e
:1023f00089844c00c7ff37000204be00f907b20011
:102400000970a000cdff3700e00f5100e08f5900a8
:1024100004003500e00f5100e08f59009cff3200ae
:102420000202be000402420085824a000a05e90059
:10243000c2ff37000402420085824a000a05e90013
:10244000c9ff3700610515000400be000a05e90058
:10245000030033008100d1000080d300fbff370070
:10246000d1ff37000800fa00889fbe008a9fbe0097
:102470008c9fbe000004be004708de000086fb0003
:1024800050092000800f560014003c0088bf9f00b8
:1024900099bf9f000805be00e00f5400e08f5c006c
:1024a00001003d000bf0a2000200200003b0240058
:1024b0000a00be008cf90700d2072000820f5600e8
:1024c0000c003c00e0b79f00f1b79f006011b8001e
:1024d0000800be0048fb07000004be000800be0064
:1024e0004f06be004f05be004f04be000080fa003c
:1024f000000006000200200003b0240071f907006c
:102500000a01be006ff907000006be000001be0010
:102510000a00be0074f907000004be00020020009b
:1025200003f023000c00be000cf907000000e000df
:102530000c0034000200200003f823000800be0055
:1025400060f907000004be000fb897009fb897001d
:10255000e00f5000e08f5800e0ff3d0009f0a200be
:10256000deff37000200200003f02b000c00be004d
:10257000f8f807000000e000f3ff3c000200200034
:1025800003f823000800be0057f90700edff3700ed
:102590000400fa00889fbe000004be008900780095
:1025a00001f0a100a4fd200095f42300840f500049
:1025b000858f58001e003e00f4ff2f00f597230082
:1025c000840f5000858f580016003e006000b80050
:1025d00003f8270089806100e00f5000e08f580069
:1025e0000b003a0002002000033820000800be0063
:1025f00001fb07000001be00c2bf9f00d3bf9f00c8
:102600000800be004f04be000080fa000000060073
:102610000200200003b827000800be0032f90700be
:10262000f4ff37000800be007301070018003700f0
:102630004f49de0003002000143d2500b5072400ab
:10264000840f5000858f58001d003e0034be2c00c2
:1026500065012400840f5000858f58000e003e0055
:102660000800be000200e000b2fd200093fc230041
:10267000050032001cf90700d40007000004be006a
:1026800009f0a200deff37000ef90700cf000700b7
:102690000004be00daff37000800be000200e000c0
:1026a000b2fd200093042400030032000ef907005d
:1026b00001f0a200dcff370002f90700fcff370041
:1026c000541d2300250e2400840f5000858f5800d0
:1026d00017003e00f4dd2e00f50a2400840f5000a0
:1026e000858f580009003e000800be000200e0008f
:1026f00042be2c006309240002003200faf80700f1
:10270000e2ff3700eff80700dbff37000800be00ec
:102710000200e000b2fd2000930c24000200320011
:10272000f1f80700c0ff3700e6f80700beff3700ea
:10273000f2ff2f00f3f72700820f5000838f58001d
:10274000050036000801be000800be00ddf80700e5
:102750000004be00aaff370082ff2f000f014100d6
:102760000800be00cd000700630160004fb897006d
:10277000dfb89700e10f5100c4ff3200e20f5100b3
:10278000cbff32000200e000bbff3a00a6ff37009b
:10279000889fbe008a9fbe008c1f78000004be0088
:1027a0000003be006055b80004f8270089056200e8
:1027b0000400200005f82700840f5500858f5d0078
:1027c0000b003a000001be008bfa07000001be00ba
:1027d0000800be00c4f807000004be000800be00e8
:1027e0004f0678004f05be004f04be0000000600f3
:1027f000e00f5000e08f580010003c000002be00c7
:1028000005f0a100e00f5200e08f5a00f3ff320004
:10281000e00f5000e08f580008003d00100220003b
:1028200030b188000801be000800be00a5f807000e
:102830000001be0091f90700e7ff370047bdde0049
:10284000cfbdde00e00f5500e08f5d000c003a00c8
:102850000603430087834b0061004500e0804d0084
:102860000001eb00870178000308b200e00f51007f
:10287000e08f59004d00320060051500e0851d0015
:10288000fa07b1000b80b1000600be00f107b200ec
:102890000170a000610165008001eb00e00f5100b4
:1028a000e08f5900020032000000400081804800a3
:1028b0008b85d1000a85d30000004000818048004c
:1028c0009c01200002002000031020006044b8009a
:1028d0006033b8000602410087824900800f520031
:1028e000818f5a0006003c000403410085834900a3
:1028f0000400500085805800080441008984490084
:1029000000004000818048008301d1000281d30093
:102910000c06e9000c00e000eeff3a00e00f50006a
:10292000e08f5800160032000226240023da20002f
:102930000000200001f8230062f8070002002000d8
:1029400003f8230005f807000000e0000c00350044
:102950000226240023da20000000200001f82300d2
:1029600061f807000200200003f82300fbf70700ce
:102970000000e0000f00340062044400e0844c00da
:102980008984d1000884d3000000200001f02300d6
:102990000800400089804800c755dd000a0020007b
:1029a0000a0440008b8448008cff37000005be00fd
:1029b000a7ff370061004400e0804c00000478006d
:1029c0000800a10081047800edff37000400fa0040
:1029d000889fbe008a9fbe008c9fbe000001be0083
:1029e00005fa07000004be000001be0002fa07005d
:1029f0000005be000200200003f02b000800be000e
:102a0000fdf907000200200003f8230036f8070054
:102a10000006be00f2a92a00a3d223000a00be00cd
:102a2000f5f907000001be000c00be002ef80700fb
:102a30000002be0072a12900c37c23000800be0072
:102a400084bf9f0095bf9f00ebf90700f243200071
:102a500063ab23001bf807000006be000a01be009e
:102a60000800be00e4f907000001be000c00be0033
:102a7000e1f907000001be000fba97009fba970066
:102a80000400be0018f807004f06be004f05be0048
:102a90004f04be000080fa00000006000400fa00a7
:102aa000889fbe008a9fbe008c9fbe0000067800f3
:102ab000810478008206780001f0a100a2fd2000c8
:102ac00093dc2400820f5000838f580023003e00c7
:102ad00032982f0023f2230089007800c6f90700fe
:102ae0000200200003b42400fff7070002002000ca
:102af00003b42400f3f707000005be0099f70700b0
:102b000000047800a2fd200093fc23000a00be0010
:102b1000b9f907000001be000c00780089007800b8
:102b2000e8f707000002be00325a2800832823007d
:102b30000a00be0084bf9f0095bf9f00aef907004a
:102b40000001be000fba97009fba97000400be00b4
:102b5000dcf70700808ebe000b003700f2ff2f006d
:102b6000f3f72700820f5000838f58000c003600c7
:102b7000000178008901780089007800d1f707000a
:102b8000808ebe000004eb00080078004f06be00f7
:102b90004f05be004f04be000080fa000000060092
:102ba000890078004c0007000005be0032982f0015
:102bb00023f2230090f907000200200003f0230015
:102bc000c9f7070055000700000478002dfb070037
:102bd00032982f0023f22300a8f807000001be005e
:102be0000a00be00b7f707006000b800a006980012
:102bf000b1069800d7ff37000400fa00889fbe0096
:102c00008a9fbe008c9fbe000006be000001be0071
:102c100079f907000004be000001be000c00be00f0
:102c200075f907000005be000801be000800be00df
:102c300071f907000a01be006ff907000002be002b
:102c4000c2c32600636323000800be0084bf9f0048
:102c500095bf9f0068f90700f27c200003952300d0
:102c600098f707000001be000fba97009fba9700bf
:102c70000400be0060f907000002be004288280080
:102c800083c023000800be0084bf9f0095bf9f0043
:102c900059f90700b2aa2a00a3e2230089f7070026
:102ca0000a01be0054f907000c01be008ef70700b0
:102cb0000001be000fba97009fba97000400be0043
:102cc00089f707004f06be004f05be004f04be0047
:102cd0000080fa00000006000400fa006011b8004d
:102ce000e2bf9f00f3bf9f006fbb9700ffbb970041
:102cf0000002be00f0ff2f00f1ff2f00f2ff2f00b7
:102d0000f3ff27000000620081806200020163007f
:102d1000838163000080fa00000006000003be000b
:102d200053f707006011b8000470a70007f0a10076
:102d30006509b1001b003200120035008602200038
:102d40000628e10008003500f3ff2700f2ff2f00fe
:102d50006110b9000700e00018003b0003002800e4
:102d60006000b800020005000000400081804800bb
:102d700002014900838149008502e900faff3a0017
:102d800008003700f88f420002003c008000eb0092
:102d9000000005008100d1000080d3008502e8001a
:102da000fcff3a000700e00004003b006000100058
:102db000e080180060011900e081190000000600a1
:020000040000fa
:102dc0000800fa008618070095170700c9130700c6
:102dd000e213070063150700e3170700eb13070072
:102de0003018070048180700041207000b120700ec
:102df00012050700b0ae8000c1ae800030878800a9
:102e00004187880070ae800081ae8000f086880027
:102e10000187880090ae8000a1ae800010878800f6
:102e20002187880000002000812c2400809fbe00a4
:102e300000002000812c2400809fbe0000002000a4
:102e4000812c2400809fbe006033b8000400200065
:102e5000051f24000200200003f82300c0102100f9
:102e6000da0c0700ec87570000002000812c2400ba
:102e7000809fbe0000002000812c2400809fbe00a7
:102e800000002000812c2400809fbe006033b80029
:102e900004002000051f24000200200003f8230086
:102ea000c0132100c90c0700ec8757000000200068
:102eb000812c2400809fbe0000002000812c240073
:102ec000809fbe0000002000812c2400809fbe0057
:102ed0000600200007f023006022b8000200200056
:102ee00003f22300c0162100b80c0700ec8757003e
:102ef00000002000812c2400809fbe0000002000e4
:102f0000812c2400809fbe0000002000812c240022
:102f1000809fbe000600200007f023006022b8005a
:102f20006011b800c0192100a80c0700ec875700f9
:102f30000400370087180700404798004e40900073
:102f4000990907009c1807000000e000f9ff3c0009
:102f500004003700c1180700504798005e409000f9
:102f60002a0c0700d61807000000e000f9ff3c001b
:102f7000c31707000004e000f2ff3200c417070087
:102f8000bb170700300798003e0090001000780043
:102f90008000eb00b2f60700323323003305240033
:102fa00095f807000001780001007800820278009f
:102fb0000002780002002000035824000500780079
:102fc000840078000000be00acf70700008fbe0050
:102fd0006266260063ea23001e0078009e009000cf
:102fe0005cf607000000e00003003d00606626007c
:102ff00061ea2300008fbe001e0178009e01900050
:1030000000002000812024009cf7070000017800c8
:10301000010078008202780000027800020020009f
:10302000030a240005007800840078000000be0038
:10303000a4f6070080017800010178000300780001
:10304000820078000000be0010868800218688007b
:10305000660047001080e800100078008000eb0058
:103060007ff60700323323003305240062f807009f
:1030700000017800010078008202780000027800e8
:103080000200200003582400050078008400780026
:103090000000be0079f70700008fbe0062662600c0
:1030a00063ea23001e0078009e00900029f60700c6
:1030b0000000e00003003d006066260061ea230096
:1030c000008fbe001e0178009e01900000002000cd
:1030d0008120240069f707000001780001007800d2
:1030e000820278000002780002002000030a240017
:1030f00005007800840078000000be0071f607002b
:1031000080017800010178000300780082007800d7
:103110000000be00f0858800018688006600470038
:103120004100200010804000100078008000eb007b
:103130004bf6070032332300330524002ef8070036
:103140000001780001007800820278000002780017
:103150000200200003582400050078008400780055
:103160000000be0045f70700008fbe006266260023
:1031700063ea23001e0078009e009000f5f507002a
:103180000000e00003003d006066260061ea2300c5
:10319000008fbe001e0178009e01900000002000fc
:1031a0008120240035f70700000178000100780035
:1031b000820278000002780002002000030a240046
:1031c00005007800840078000000be003df607008e
:1031d0008001780001017800030078008200780007
:1031e0000000be00d0858800e185880066004700a9
:1031f0006100200010804000100078008000eb008b
:1032000017f607003233230033052400faf70700ce
:103210000001780001007800820278000002780046
:103220000200200003582400050078008400780084
:103230000000be0011f70700008fbe006266260086
:1032400063ea23001e0078009e009000c1f507008d
:103250000000e00003003d006066260061ea2300f4
:10326000008fbe001e0178009e019000000020002b
:103270008120240001f70700000178000100780098
:10328000820278000002780002002000030a240075
:1032900005007800840078000000be0009f60700f1
:1032a0008001780001017800030078008200780036
:1032b0000000be00b0858800c18588006600470018
:1032c0008100200010804000100078008000eb009a
:1032d000e3f507003233230033052400c6f7070067
:1032e0000001780001007800820278000002780076
:1032f00002002000035824000500780084007800b4
:103300000000be00ddf60700008fbe0062662600ea
:1033100063ea23001e0078009e0090008df50700f0
:103320000000e00003003d006066260061ea230023
:10333000008fbe001e0178009e019000000020005a
:1033400081202400cdf607000001780001007800fc
:10335000820278000002780002002000030a2400a4
:1033600005007800840078000000be00d5f5070055
:103370008001780001017800030078008200780065
:103380000000be003086880041868800edfe3700d0
:103390000200fa00004f78001e80fb005088880071
:1033a000000000000080fa00000006000000fa00a3
:1033b00020d0bf000080fb006100b900f2002000b7
:1033c00003002000820f5000838f580079003e00d8
:1033d000000601000f0037001800370021003700f9
:1033e0002c0037002d003700380037003900370037
:1033f00044003700450037005000370051003700c7
:103400005c0037006b0037006a0037005b00370054
:10341000660037007c30ef007e30ef000041eb00ab
:103420006000b8000d14070012c0b3006000b800bf
:103430000a14070010c0b30020f0b700e283800038
:10344000f3838000803e200001002000800f5100a7
:10345000818f59005900360020c0b30020f0b7001a
:1034600056003700a0838000b18380000041eb004c
:10347000fa130700c0838000d183800012c0b3001c
:10348000f613070030c0b30020f0b70084cea800c8
:103490004b0037004d00070049003700a083800033
:1034a000b18380000041eb00ec130700c083800073
:1034b000d183800012c0b300e813070050c0b300ee
:1034c00020f0b700856ea8003d0037003f000700e0
:1034d0003b003700a0838000b18380000041eb00f7
:1034e000de130700c0838000d183800012c0b300c8
:1034f000da13070070c0b30020f0b70084aea80054
:103500002f003700310007002d003700a083800016
:10351000b18380000041eb00d0130700c08380001e
:10352000d183800012c0b300cc13070090c0b30059
:1035300020f0b700754ea8002100370023000700d7
:103540001f003700a0838000b18380000041eb00a2
:10355000c2130700c0838000d183800012c0b30073
:10356000be130700b0c0b30020f0b700848ea800df
:10357000130037001500070011003700a0838000fa
:10358000b18380000041eb00b4130700c0838000ca
:10359000d183800012c0b300b0130700f0c0b300a5
:1035a00020f0b700856ea80005003700070007006f
:1035b000030037002070ef0001003700000000001a
:1035c000000000000080fa00000006000200fa007f
:1035d0000040eb00004f7800b0858000c18580007e
:1035e00002002000031f2400daf407000000e000be
:1035f00018003d00d0858000e18580000200200099
:10360000031f2400d5f407000000e000110034007f
:10361000f08580000186800002002000031f240046
:10362000cef407000000e0000a003400108680009d
:103630002186800002002000031a2400c7f407003e
:103640000000e0000300340010c0b300004f780019
:10365000d1023700b0858000c185800002002000c3
:10366000031f2400bdf407000000e0001f00340029
:10367000308680004186800002002000031a24006a
:10368000b6f407000000e00018003400d085800088
:10369000e185800002002000031a2400aff4070037
:1036a0000000e00011003400f085800001868000f9
:1036b00002002000031f2400a6f407000000e00021
:1036c0000a003d0010868000218680000200200054
:1036d000031a24009ff407000000e00003003d00ef
:1036e00020c0b300004f7800ab023700d0858000c7
:1036f000e185800002002000031f240095f40700ec
:103700000000e0002a003500d0858000e1858000bf
:1037100002002000031f24008ef407000000e000d8
:1037200007003d00b0858000c185800002002000b8
:10373000031f240087f407000000e0001c00350090
:10374000d0858000e185800002002000031f240056
:1037500080f407000000e00007003d00f0858000d5
:103760000186800002002000031f240079f4070076
:103770000000e0000e003500b0858000c1858000ab
:1037800002002000031f240072f407000000e00084
:103790000a003d00f08580000186800002002000c4
:1037a000031f24006bf407000000e00003003d004d
:1037b00030c0b300004f780077023700b08580003a
:1037c000c185800002002000031f240063f407006d
:1037d0000000e0001f003400d0858000e1858000fb
:1037e00002002000031f24005cf407000000e0003a
:1037f00018003400f085800001868000020020005f
:10380000031f240055f407000000e00011003400fd
:10381000108680002186800002002000031a240008
:103820004ef407000000e0000a00340030868000fb
:103830004186800002002000031a240047f407009c
:103840000000e000030034000040eb00004f78006f
:1038500051023700b0858000c18580000200200041
:10386000031f24003bf407000000e0001f003d00a0
:10387000308680004186800002002000031a240068
:1038800034f407000000e00018003d00d0858000ff
:10389000e185800002002000031f24002ff40700b0
:1038a0000000e00011003400f085800001868000f7
:1038b00002002000031f240028f407000000e0009d
:1038c0000a0034001086800021868000020020005b
:1038d000031a240021f407000000e0000300340074
:1038e00010c0b300004f78002b023700b085800075
:1038f000c185800002002000031f240017f4070088
:103900000000e0001f003400308680004186800007
:1039100002002000031a240010f407000000e00059
:1039200018003400d0858000e1858000020020006e
:10393000031f240009f407000000e0001100340018
:10394000f08580000186800002002000031f240013
:1039500000f407000000e0000a003d00108680002f
:103960002186800002002000031a2400f9f30700da
:103970000000e00003003d0020c0b300004f7800cd
:1039800005023700d0858000e1858000020020001c
:10399000031a2400eff307000000e00011003d00cf
:1039a000f08580000186800002002000031f2400b3
:1039b000e8f307000000e0000a003d00d085800029
:1039c000e185800002002000031a2400e1f30700d3
:1039d0000000e00003003d0030c0b300004f78005d
:1039e000ed013700b0858000c18580000200200015
:1039f000031f2400d9f307000000e0001f0034007b
:103a0000d0858000e185800002002000031f240093
:103a1000d2f307000000e00018003400f0858000b9
:103a20000186800002002000031f2400cbf3070062
:103a30000000e00011003400108680002186800024
:103a400002002000031a2400c4f307000000e00075
:103a50000a00340030868000418680000200200089
:103a6000031a2400bdf307000000e0000300340047
:103a70000040eb00004f7800c7013700b0858000a0
:103a8000c185800002002000031f2400b3f307005b
:103a90000000e0001f003400d0858000e185800038
:103aa00002002000031f2400acf307000000e00028
:103ab00018003400f085800001868000020020009c
:103ac000031f2400a5f307000000e00011003400ec
:103ad000108680002186800002002000031a240046
:103ae0009cf307000000e0000a003d0030868000e3
:103af0004186800002002000031a240097f307008b
:103b00000000e0000300340020c0b300004f780044
:103b1000a1013700b0858000c1858000020020002f
:103b2000031f24008df307000000e0001f00340095
:103b3000d0858000e185800002002000031f240062
:103b400086f307000000e00018003400f0858000d4
:103b50000186800002002000031f24007ff307007d
:103b60000000e000110034001086800021868000f3
:103b700002002000031a240078f307000000e00090
:103b80000a00340030868000418680000200200058
:103b9000031a24006ff307000000e00003003d005b
:103ba00010c0b300004f78007b0137001086800002
:103bb0002186800002002000031a240065f307001c
:103bc0000000e0001f003d0030868000418680003c
:103bd00002002000031a24005ef307000000e0004a
:103be00018003d00b0858000c185800002002000e3
:103bf000031f240059f307000000e0001100340007
:103c0000d0858000e185800002002000031f240091
:103c100052f307000000e0000a003400f085800045
:103c20000186800002002000031f24004bf30700e0
:103c30000000e0000300340030c0b300004f780003
:103c40005501370010868000218680000200200088
:103c5000031a240041f307000000e0001f003400b5
:103c6000308680004186800002002000031a240074
:103c70003af307000000e00018003400b08580002f
:103c8000c185800002002000031f240031f30700db
:103c90000000e00011003d00d0858000e18580003b
:103ca00002002000031f24002af307000000e000a8
:103cb0000a003d00f085800001868000020020009f
:103cc000031f240025f307000000e0000300340078
:103cd00010c0b300004f78002f013700108680001d
:103ce0002186800002002000031a24001bf3070035
:103cf0000000e0001f003400308680004186800014
:103d000002002000031a240014f307000000e00062
:103d100018003400b0858000c185800002002000ba
:103d2000031f24000df307000000e0001100340021
:103d3000d0858000e185800002002000031f240060
:103d400004f307000000e0000a003d00f085800059
:103d50000186800002002000031f2400fdf20700fe
:103d60000000e00003003d0020c0b300004f7800d9
:103d700009013700108680002186800002002000a3
:103d8000031a2400f3f207000000e0001f003d00ca
:103d9000308680004186800002002000031a240043
:103da000eef207000000e00018003400b08580004b
:103db000c185800002002000031f2400e7f20700f5
:103dc0000000e00011003400d0858000e185800013
:103dd00002002000031a2400def207000000e000c9
:103de0000a003d00f085800001868000020020006e
:103df000031f2400d7f207000000e00003003d008d
:103e000010c0b300004f7800e30037001086800038
:103e10002186800002002000031a2400cdf2070052
:103e20000000e0001f003d003086800041868000d9
:103e300002002000031a2400c8f207000000e0007e
:103e400018003400b0858000c18580000200200089
:103e5000031f2400c1f207000000e000110034003d
:103e6000d0858000e185800002002000031f24002f
:103e7000baf207000000e0000a003400f08580007c
:103e80000186800002002000031f2400b1f2070019
:103e90000000e00003003d0010c0b300004f7800b8
:103ea000bd003700108680002186800002002000bf
:103eb000031a2400a9f207000000e0001f003400ec
:103ec000308680004186800002002000031a240012
:103ed000a0f207000000e00018003d00b08580005f
:103ee000c185800002002000031f240099f2070012
:103ef0000000e00011003d00d0858000e1858000d9
:103f000002002000031a240092f207000000e000e3
:103f10000a003d00f085800001868000020020003c
:103f2000031f24008bf207000000e00003003d00a7
:103f300010c0b300004f7800970037001086800053
:103f40002186800002002000031a240083f207006b
:103f50000000e0001f0034003086800041868000b1
:103f600002002000031a24007af207000000e0009b
:103f700018003d00b0858000c1858000020020004f
:103f8000031f240073f207000000e00011003d0051
:103f9000d0858000e185800002002000031a240003
:103fa0006cf207000000e0000a003d00f085800090
:103fb0000186800002002000031f240067f2070032
:103fc0000000e0000300340010c0b300004f780090
:103fd00071003700108680002186800002002000da
:103fe000031a24005df207000000e0001f00340007
:103ff000308680004186800002002000031a2400e1
:1040000054f207000000e00018003d00b085800079
:10401000c185800002002000031f24004df207002c
:104020000000e00011003d00d0858000e1858000a7
:1040300002002000031f240048f207000000e000f7
:104040000a003400f0858000018680000200200014
:10405000031f240041f207000000e00003003400c9
:1040600010c0b300004f78004b003700108680006e
:104070002186800002002000031a240035f2070088
:104080000000e0001f003d00308680004186800077
:1040900002002000031a240030f207000000e000b4
:1040a00018003400b0858000c18580000200200027
:1040b000031f240027f207000000e00011003d006c
:1040c000d0858000e185800002002000031a2400d2
:1040d00020f207000000e0000a003d00f0858000ab
:1040e0000186800002002000031f240019f207004f
:1040f0000000e00003003d0020c0b300004f780046
:1041000025003700108680002186800002002000f4
:10411000031a24000ff207000000e0001e003d001b
:10412000308680004186800002002000031a2400af
:1041300008f207000000e00017003d00b085800095
:10414000c185800002002000031f240001f2070047
:104150000000e00010003d00d0858000e185800077
:1041600002002000031a2400faf107000000e0001a
:1041700009003d00f08580000186800002002000db
:10418000031f2400f3f107000000e00002003d00df
:1041900030c0b300004f78001e4078000004e000fb
:1041a00003003a0020c0b30021f0b700110037002f
:1041b0001e407800e24f500003003a0080c0b30078
:1041c00021f0b7000b0037001e407800e14f50008f
:1041d00003003a00a0c0b30021f0b700050037008b
:1041e0001e407800e34f500002003a00a0c0b30028
:1041f00021f0b70021d0bf000080fb0001022100a8
:10420000914078008180fb008100e900810f50001f
:104210000700320021d0bf0020f0b70020d0bf003f
:10422000ea4f50000200320021d0bf001d060700f7
:10423000000000000080fa00000006000000fa0004
:104240006000b80070ae880081ae88006000b800e1
:1042500090ae8800a1ae88006000b800b0ae8800c3
:10426000c1ae88006000b800d0ae8800e1ae880022
:104270006000b800f0ae880001af88006000b800b0
:1042800010af880021af88006000b80030af880010
:1042900041af88006000b80050af880061af88006f
:1042a0006000b80070af880081af88000000000097
:1042b0000080fa00000006002600fa00889fbe0079
:1042c0008a9fbe0014af800025af800070ae8000d2
:1042d00081ae80000001be000400be00f9f10700bd
:1042e0000001780001007800820478000004780062
:1042f00034af800045af800090ae8000a1ae80005a
:104300000001be000400be00eef1070000017800cd
:10431000010078008202780000027800090078002d
:10432000880078000001be00050078008400780055
:104330000000be00c0f507006007980071079800f4
:10434000b0ae8000c1ae80006e019000fe01900012
:10435000440b07000002be00b0ae8000c1ae80007a
:104360000001be000400be00d6f10700000f980057
:10437000110f98000e0990009e09900052af88001e
:1043800063af8800f4ae800005af8000f0ae80001f
:1043900001af80000001be000400be0096f30700dc
:1043a00000017800010078008204780000047800a1
:1043b00000838000118380000001be00caf1070065
:1043c0000001780001007800820178000001780087
:1043d00003007800820078000001be000900780028
:1043e000880078000000be00a4f20700008fbe0025
:1043f000f0ae800001af800002002000a33724004f
:104400009ef207002007980031079800d0ae800088
:10441000e1ae800002002000a337240097f20700dd
:104420004007980051079800d4ae8000e5ae8000a8
:10443000d0ae8000e1ae80000001be000400be00ee
:104440006df3070000017800010078008204780015
:104450000004780060838000718380000001be004a
:10446000a1f10700000178000100780082017800c6
:104470000001780003007800820078000001be008f
:1044800009007800880078000000be007bf2070079
:10449000200f9800310f980014af800025af8000e6
:1044a00070ae800081ae80000001be000400be003e
:1044b00084f1070000017800010078008204780090
:1044c0000004780014af800025af800070ae80003b
:1044d00081ae80000001be000400be0079f107003b
:1044e0000001780001007800820178000001780066
:1044f00003007800820078000001be000900780007
:10450000880078000000be003bf30700000178003f
:1045100001007800820478000004780034af800045
:1045200045af800090ae8000a1ae80000001be00cb
:104530000400be0063f1070000017800010078006c
:10454000820578000005780034af800045af800018
:1045500090ae8000a1ae80000001be000400be004d
:1045600058f107000001780001007800820178000e
:104570000001780003007800820078000001be008e
:104580000b0078008a0078000000be001af30700d4
:1045900000017800010078008201780000017800b5
:1045a00003007800820078000001be000900780056
:1045b000880078000000be004bf107000001780081
:1045c0000100780082017800000178000300780083
:1045d000820078000000be006df80700400f9800d0
:1045e000510f98004e099000de09900072af8800cc
:1045f00083af8800a08480000000e00027003a001c
:10460000b08480000000e00022003c00b084800004
:104610008000e800b1848800ea01b900205f210031
:1046200000004100fc004700b0187800a01078009e
:10463000e480400064004000b0187800a0107800ca
:10464000e480400064004000900878008180e80029
:104650000080e8006e089000fe08900010af88000f
:1046600021af88000e1090009e10900030af88009f
:1046700041af88002e1090000000e00002003200e0
:10468000300020000100370010002000a0848800c6
:10469000d90237009630ef00d7023700a08480009f
:1046a000e10f500003003200a0848000e30f5000af
:1046b0005a013a00f0ae800001af80006011b800ee
:1046c000a4f007000000e00004003d001e00780098
:1046d0009e00900001f0a200008fbe006011b800a3
:1046e0001e0078009e0090009cf007000000e00093
:1046f000060035006011b8000e0890009e0890007a
:1047000096f007000000e0000c003d006011b800ca
:104710001e0078009e0090008ef007000000e00070
:104720005d003c006011b8000e0890009e089000eb
:1047300088f007000000e00057003c000e089000e1
:104740009e089000af0907000004be001e0078001c
:104750009e009000ab0907000001be000800be00eb
:104760007ef007000000e0004b0035006011b8004b
:104770000e0890009e08900078f007000000e0000e
:104780001e003400e8828000f9828000faae8000ca
:104790000baf8000008380001183800002002000a6
:1047a000a3372400b5f1070000017800010078006c
:1047b0008201780000017800030078008200780010
:1047c0000001be000a00be00c7f00700000178002b
:1047d0000100780082027800000278000801be0023
:1047e00005007800840078000000be00b1090700d1
:1047f000f0ae880001af8800d60037006011b80025
:104800000e0890009e08900052f007000000e000a3
:1048100001003500cf003700e0828000f182800087
:104820000004be0009f0a200faae80000baf8000c9
:10483000008380001183800002002000a337240041
:104840008ef10700000178000100780082017800f5
:104850000001780003007800820078000001be00ab
:104860000a00be0097f00700000178000100780000
:1048700082027800000278000801be00050078007e
:10488000840078000000be0073090700f0ae8800c5
:1048900001af8800af0037006011b8000e0890002b
:1048a0009e0890002df007000000e0002200350077
:1048b000f0ae800001af80006011b80027f0070063
:1048c0000000e0001c003400f8ae800009af80005a
:1048d000008380001183800002002000a3372400a1
:1048e00066f107000001780001007800820178007d
:1048f0000001780003007800820078000001be000b
:104900000800be006ff00700000178000100780089
:1049100082027800000278006011b800050078007b
:10492000840078000000be004b090700f0ae88004c
:1049300001af8800770037006011b8000e089000c2
:104940009e08900005f007000000e00022003500fe
:10495000f0ae800001af80006011b800fdef0700ed
:104960000000e0001c003d00f8ae800009af8000b0
:10497000008380001183800002002000a337240000
:104980003ef1070000017800010078008201780004
:104990000001780003007800820078000001be006a
:1049a0000800be0050f00700000178000100780008
:1049b00082027800000278006011b80005007800db
:1049c000840078000000be003a090700f0ae8800bd
:1049d00001af88004f0037006011b8000e0890004a
:1049e0009e089000dbef07000000e00022003c0082
:1049f000f0ae800001af80006011b800d7ef070073
:104a00000000e0001c003400f8ae800009af800018
:104a1000008380001183800002002000a33724005f
:104a200016f107000001780001007800820178008b
:104a30000001780003007800820078000001be00c9
:104a40000800be001ff00700000178000100780098
:104a500082027800000278006011b800050078003a
:104a6000840078000000be00fb080700f0ae88005c
:104a700001af8800270037006011b8000e089000d1
:104a80009e089000b3ef07000000e00021003c000a
:104a9000f0ae800001af80006011b800adef0700fc
:104aa0000000e0001b003d00f8ae800009af800070
:104ab000008380001183800002002000a3372400bf
:104ac000eef0070000017800010078008201780014
:104ad0000001780003007800820078000001be0029
:104ae0000800be0000f00700000178000100780017
:104af00082027800000278006011b800050078009a
:104b0000840078000000be00ea080700f0ae8800cc
:104b100001af88000e0890009e089000b9080700b9
:104b20000004be002e009000be009000b5080700f3
:104b30000001be000800be0086ef07000000e00094
:104b400004003d000e0990009e0990002207980085
:104b500033079800b0ae8000c1ae80002e019000f7
:104b6000be019000e0ef07008001780001017800ad
:104b700003007800820078000000be00b0ae88001c
:104b8000c1ae8800f0ae800001af8000f0878800e1
:104b900001888800f0ae800001af80006011b8008d
:104ba0006cef07000000e00093013a000e0890004f
:104bb0009e08900093080700a2702d0033c22300c6
:104bc00064ef07000000e000010035008a013700b3
:104bd0006e019000fe019000b2ae8800c3ae880066
:104be0006e019000fe0190003287880043878800a4
:104bf0006000b800c08a8800d18a8800a084800044
:104c0000e30f50000300320020002000a084880041
:104c1000790137009430ef0077013700a0848000dd
:104c2000e20f500074013a006011b8004e08900085
:104c3000de0890008cef07000000e0002601320043
:104c40000e0890009e089000d4080700a2702d0066
:104c500033c223003fef07000000e0001e013d00cb
:104c60006011b8002e089000be0890003bef0700ce
:104c70000000e000060035006011b8004e0890000a
:104c8000de08900035ef07000000e0000c003d005a
:104c90006011b8002e089000be0890002def0700ac
:104ca0000000e0005d003c006011b8004e0890007c
:104cb000de08900027ef07000000e00057003c00ee
:104cc0004e089000de0890004e0807000004be0069
:104cd0002e089000be0890004a0807000001be00a0
:104ce0000800be001def07000000e0004b0035008b
:104cf0006011b8004e089000de08900017ef070022
:104d00000000e0001e00340028838000398380000a
:104d1000daae8000ebae800060838000718380009b
:104d200002002000a337240054f00700000178009f
:104d3000010078008201780000017800030078000b
:104d4000820078000001be000a00be0066ef070086
:104d500000017800010078008202780000027800eb
:104d60000801be0005007800840078000000be0045
:104d700050080700d0ae8800e1ae8800d6003700aa
:104d80006011b8004e089000de089000f1ee0700b8
:104d90000000e00001003500cf00370020838000d4
:104da000318380000004be0009f0a200daae80006a
:104db000ebae8000608380007183800002002000e1
:104dc000a33724002df007000001780001007800cf
:104dd00082017800000178000300780082007800ea
:104de0000001be000a00be0036ef07000001780097
:104df0000100780082027800000278000801be00fd
:104e000005007800840078000000be00120807004a
:104e1000d0ae8800e1ae8800af0037006011b80066
:104e20004e089000de089000ccee07000000e00085
:104e300022003500d0ae8000e1ae80006011b800e5
:104e4000c6ee07000000e0001c003400d8ae800071
:104e5000e9ae800060838000718380000200200042
:104e6000a337240005f00700000178000100780056
:104e70008201780000017800030078008200780049
:104e80000001be000800be000eef07000001780020
:104e90000100780082027800000278006011b800fa
:104ea00005007800840078000000be00ea070700d3
:104eb000d0ae8800e1ae8800770037006011b800fe
:104ec0004e089000de089000a4ee07000000e0000d
:104ed00022003500d0ae8000e1ae80006011b80045
:104ee0009cee07000000e0001c003d00d8ae8000f2
:104ef000e9ae8000608380007183800002002000a2
:104f0000a3372400ddef07000001780001007800de
:104f100082017800000178000300780082007800a8
:104f20000001be000800be00efee0700000178009f
:104f30000100780082027800000278006011b80059
:104f400005007800840078000000be00d907070043
:104f5000d0ae8800e1ae88004f0037006011b80085
:104f60004e089000de0890007aee07000000e00096
:104f700022003c00d0ae8000e1ae80006011b8009d
:104f800076ee07000000e0001c003400d8ae800080
:104f9000e9ae800060838000718380000200200001
:104fa000a3372400b5ef0700000178000100780066
:104fb0008201780000017800030078008200780008
:104fc0000001be000800be00beee07000001780030
:104fd0000100780082027800000278006011b800b9
:104fe00005007800840078000000be009a070700e2
:104ff000d0ae8800e1ae8800270037006011b8000d
:105000004e089000de08900052ee07000000e0001d
:1050100021003c00d0ae8000e1ae80006011b800fd
:105020004cee07000000e0001b003d00d8ae800001
:10503000e9ae800060838000718380000200200060
:10504000a33724008def07000001780001007800ed
:105050008201780000017800030078008200780067
:105060000001be000800be009fee070000017800ae
:105070000100780082027800000278006011b80018
:1050800005007800840078000000be008907070052
:10509000d0ae8800e1ae88004e089000de08900097
:1050a000580707000004be004e009000de0090008c
:1050b000540707000001be000800be0025ee0700ef
:1050c0000000e00004003d004e099000de09900061
:1050d00042079800530798004e089000de089000a1
:1050e0004807070072712b00138d230019ee07008b
:1050f0000000e0000c003d006000b800d0ae880069
:10510000e1ae880010af800021af800070ae880053
:1051100081ae880030af800041af800090ae880043
:10512000a1ae88009430ef00b0ae8000c1ae800028
:10513000c4f307004e019000de0190002ef007003e
:1051400000017800010078008202780000027800f7
:1051500070ae800081ae80000001be0005007800c6
:10516000840078000000be005fee07008001780038
:105170000101780003007800820078000000be0082
:1051800070ae880081ae8800b0ae8000c1ae8000f5
:10519000fff407004e019000de01900016f00700ba
:1051a0000001780001007800820278000002780097
:1051b00090ae8000a1ae80000001be000500780026
:1051c000840078000000be0047ee070080017800f0
:1051d0000101780003007800820078000000be0022
:1051e00090ae8800a1ae8800d0ae8000e1ae800015
:1051f000d0878800e18788000500070000000000d4
:105200004f05be004f04be000080fa0000000600fb
:105210002000fa00e0838000f18380000001780024
:10522000810178008000eb000e007800080807007c
:1052300050af800061af80000001be00410020003f
:105240000e007800e507070070af800081af800096
:105250000001be00810020000e007800df0707007b
:10526000b0ae8000c1ae80000001be00c1002000d1
:105270000e007800d9070700f0ae800001af800073
:105280000001be00010120000e007800d3070700d6
:1052900070ae800081ae80000001be0041012000a0
:1052a0000e007800cd07070090ae8000a1ae800010
:1052b0000001be00810120000e007800c707070032
:1052c000d0ae8000e1ae80000001be00c101200030
:1052d0000e007800c10707000e01780001022000cf
:1052e0000001200039000700000000000080fa00e3
:1052f000000006000a00fa00200798003107980015
:10530000420798000040eb00004f78009e40780074
:10531000e0cfb30000c06800004f78002e0090007e
:105320004880de00004078009e40780000c06800a1
:10533000004f78002e009000004078009e407800da
:1053400000c06800004f78003e0090004880de00fa
:10535000004078009e40780000c06800004f780050
:105360003e009000004078009e40780000c0680039
:10537000004f78000000eb00100798000c00370089
:105380001e009000e8004700110040001040780027
:105390009e40780000c06800004f78000e80e80052
:1053a0008e80e8001108e80090007800110798004e
:1053b0009e0090003e009000808f5000f0ff35006e
:1053c0001e4078000080fa00000006000e00fa007f
:1053d000889fbe008a1f78004007980051079800f8
:1053e000620798008f0478000f00780000057800ad
:1053f0006a00470061002000108040008000e90042
:10540000210798000000e8000000d1008000400063
:105410000f00780081874700600040003007980047
:105420000000eb00100798009e0090000e80e8003e
:105430000108e80010017800120798003e00900073
:1054400001004000e1cfb300014878004e00900019
:10545000c880de001e0190000e80e8000208e8000f
:105460009001780013079800814078003e0090007a
:1054700002004000014878009e0090000e80e80085
:105480000108e80010017800120798004e00900013
:10549000004178003e009000010040000248780082
:1054a0005e009000c880de001e0190000e80e800c3
:1054b0000208e80090017800130798008140780006
:1054c0003e00900002004000014878009e009000dd
:1054d0000e80e8000108e80010017800120798002b
:1054e0005e009000004178003e0090000100400006
:1054f000024878000000eb00000f78000d00370034
:105500001e007800ec004700910040001e01900052
:105510000e80e8000208e800900178001307980068
:10552000914078003e009000020040000148780061
:105530001e0fe8005e0090009e007800808f5000f3
:10554000efff35001e0490000e80e8000808e80018
:1055500090007800110798006e019000de00900026
:105560004e00900063ff0700804078003e009000ee
:1055700008004000014878006a00470062002000ef
:10558000900041003e009000e00c07008a07780080
:1055900000000000890778004f0578004f04be0026
:1055a0000080fa00000006000200fa00004f7800b8
:1055b00022d0bf000080fb00e30f50002300320028
:1055c000e30f500007003c00e10f500012003200d2
:1055d000e10f500016003c000000e000080032001f
:1055e00059003700e50f500031003200e50f500040
:1055f0001c003500e60f500040003200520037001a
:105600001e407800e24f400051003a0010c0b30045
:1056100022f0b7004e0037001e80fb004800dd007e
:105620002081880020c0b30022f0b7004b00370073
:105630001e80fb0021818000008070002081880096
:1056400030c0b30022f0b700440037001e80fb00da
:105650004800dd003081880040c0b30022f0b70070
:105660003e0037001e80fb0031818000008070000a
:105670003081880031818000f03f2000808f500011
:1056800009003c00308180000000e000030034008d
:1056900050c0b30022f0b7003000370060c0b30044
:1056a00022f0b7002d0037002270ef002b003700ea
:1056b0004181800030818000808f500026003c00b6
:1056c00041818000c03c2100010040001e4878005c
:1056d000408180000000e800408188004181800016
:1056e00030818000808f50001b00350060c0b30007
:1056f00022f0b7002830ef00170037001e41780075
:10570000a102210082487800318180002081800040
:10571000c23c2100f7fe07002bf0b700a1022100d8
:10572000914078002bd0bf0080cf500004003a0099
:105730003181800020818000c23c21000a000700e6
:105740002270ef00050037002270ef0003003700e1
:105750000000000001003700000000000000000011
:105760000080fa00000006001e00fa00889fbe00bc
:105770008a9fbe00000f780011079800220798004a
:10578000100620009e007800808f50005a003200e2
:10579000100620009e007800808f500016003c000c
:1057a000200220009e007800808f500038003200d8
:1057b000200220009e007800808f500005003c00f1
:1057c000100220009e007800808f500025003200db
:1057d000af003700300220009e007800808f50001c
:1057e00036003200100520009e007800808f5000a7
:1057f0003d003200a6003700200720009e00780000
:10580000808f500091003200200720009e00780019
:10581000808f500005003c00100720009e0078009b
:10582000808f50008300320099003700000820006c
:105830009e007800808f5000050032009008200004
:105840009e007800808f5000860032009000370064
:105850002e0190009e00900000082000dbfe070053
:105860008b0037002e0090001040780061406000ef
:105870000080fb00610060004600dd0021748000b4
:105880000160a100010070002074880080003700d2
:105890002e00900010407800614060000080fb0006
:1058a000610060004500dd00217480000150a1000e
:1058b0000100700020748800750037002e009000f1
:1058c00010407800614060000080fb0061006000d3
:1058d0004400dd00217480000140a100010070003f
:1058e000207488006a0037002e0090001040780075
:1058f000a7f6070066003700410120002e00900047
:1059000012060700300798004107980001012000a7
:105910002e0090000d0607000005be00c10020000b
:105920002e009000090607000004be008100200040
:105930002e009000050607005007980061079800a8
:10594000410020002e00900000060700700798001c
:10595000010f98008000eb002e009000fb0507006f
:105960003e019000ce019000829fbe008a9fbe0043
:10597000889fbe005e039000ee0390007e029000c0
:105980008e0a90000001be00c01021000f02070027
:10599000ec875700c10220002e009000eb050700a5
:1059a000100f9800210f9800810220002e00900017
:1059b000e60507000005be00410220002e00900011
:1059c000e20507000004be00010220002e00900046
:1059d000de050700300f9800410f9800c10120003c
:1059e0002e009000d9050700500f9800610f980015
:1059f000810120002e009000d40507001e099000b0
:105a0000ae099000829fbe008a9fbe00889fbe00a4
:105a10003e0b9000ce0b90005e0a9000ee0a9000c4
:105a20000001be00c0132100e8010700ec87570009
:105a3000170037008000eb002e009000c305070020
:105a4000d0878800e1878800110037008000eb00d4
:105a50002e009000bd050700f087880001888800af
:105a60000b0037008000eb002e009000b705070008
:105a700010af880021af8800410020002e00900068
:105a8000b205070030af880041af88000000000079
:105a9000000000004f05be004f04be000080fa0069
:105aa000000006000e00fa00404f98000000eb00d6
:105ab000000f7800e2838000f383800012079800d3
:105ac000230798001e007800000fe80066004000e1
:105ad000ce499000037778001e009000ae00900041
:105ae0004808de00010020001e017800020fe800d7
:105af0008040780066004100017778001e00900029
:105b0000ae0090004008de00010020001e01780079
:105b1000020fe800804078006600410001777800bd
:105b20001e009000ae0090004809dd004800de0035
:105b300000007100c808de001e017800020fe800b6
:105b40008040780066004100017778001e007800f0
:105b5000000fe8009e009000814078006600400041
:105b600001777800660047000001780051002000ae
:105b70000005200015fe0700000000000080fa006c
:105b8000000006001000fa00500798006107980016
:105b900072079800de00900080092000808f50007e
:105ba00005003200de00900090092000808f500038
:105bb00088003200120137006e00470031002000db
:105bc00010804000104078008080fb006e0047008d
:105bd0001080e800104078000080fb004800dd00e5
:105be000810070006e0047001000e800104078004f
:105bf0000081fb00000120000010dd00810070002a
:105c00007e009000104078000081fb0080012000a1
:105c10000010dd0001007000b08188006e004700b8
:105c20007200200010004100104078008080fb00ce
:105c30006e00470062002000100041001040780014
:105c40000080fb004800dd00810070006e0047000e
:105c50005200200010004100104078000081fb003d
:105c6000000120000010dd00810070006e00470080
:105c70004200200010004100104078000081fb002d
:105c8000800120000010dd0001007000c08188004c
:105c9000b08180006100b9006eeb070002002000b7
:105ca000a347240075ec070000017800010078008c
:105cb0008202780000027800f2282c0053cf2300e3
:105cc00005007800840078000000be0086eb070025
:105cd000000178000100780082017800000178005e
:105ce0000300780082007800e0818800f18188005c
:105cf000c08180006100b90056eb0700020020005f
:105d0000a34724005dec0700000178000100780043
:105d1000820178000001780003007800820078009a
:105d2000008288001182880094ae8000a5ae8000b9
:105d300072ae800083ae8000b0ae8000c1ae800045
:105d40000403be000202be000001be0001042100e7
:105d5000c0032100b3050700e0818000f1818000cd
:105d6000008fbe0000828000118280002007980012
:105d7000310798000000eb0040079800b0848000d5
:105d8000e10f50009b003200b08480008000e800ea
:105d9000b1848800ea01b900205f21008000410041
:105da0000e007800b0187800a0107800e480400061
:105db00064004000b0187800a0107800e480400033
:105dc00064004000900878008180e8000080e800ce
:105dd000880037006e00470031002000108040002e
:105de000104078008080fb006e0047001080e800c3
:105df000104078000080fb004800dd00810070004a
:105e00006e0047001000e800104078000081fb00a1
:105e1000000120000010dd00810070007e00900075
:105e2000104078000081fb00800120000010dd00a0
:105e300001007000b08188006e00470072002000f1
:105e400010004100104078008080fb006e00470089
:105e50006200200010004100104078000080fb002c
:105e60004800dd00810070006e00470052002000f5
:105e700010004100104078000081fb00000120006c
:105e80000010dd00810070006e004700420020001d
:105e900010004100104078000081fb0080012000cc
:105ea0000010dd0001007000c0818800b08180001a
:105eb0006100b900e7ea070002002000a3472400c0
:105ec000eeeb070000017800010078008202780004
:105ed00000027800f2282c0053cf23000500780040
:105ee000840078000000be00ffea0700000178008f
:105ef000010078008201780000017800030078003a
:105f000082007800e0818800f1818800c0818000f3
:105f10006100b900cfea070001f0a20002002000f2
:105f2000a3472400d5eb07000001780001007800aa
:105f30008201780000017800030078008200780078
:105f4000008288001182880094ae8000a5ae800097
:105f500072ae800083ae8000b0ae8000c1ae800023
:105f60000403be000202be000001be0001042100c5
:105f7000c00321002b050700e0818000f181800033
:105f8000008fbe00008280001182800020079800f0
:105f9000310798000000eb0040079800b0848000b3
:105fa000e10f500015003200b08480008000e8004e
:105fb000b1848800ea01b900205f2100800041001f
:105fc0000e007800b0187800a0107800e48040003f
:105fd00064004000b0187800a0107800e480400011
:105fe00064004000900878008180e8000080e800ac
:105ff0000200370000000000010037000000000030
:10600000000000000080fa00000006000200fa0014
:10601000004f78002cd0bf000080fb00e30f500041
:1060200023003200e30f500007003c00e10f500056
:1060300012003200e10f500016003c000000e000aa
:106040000800320059003700e50f500031003200df
:10605000e50f50001c003500e60f500040003200f4
:10606000520037001e407800e24f400051003a00d5
:1060700010c0b3002cf0b7004e0037001e80fb00ac
:106080004800dd007081880020c0b3002cf0b7000c
:106090004b0037001e80fb00718180000080700083
:1060a0007081880030c0b3002cf0b7004400370086
:1060b0001e80fb004800dd008081880040c0b300e6
:1060c0002cf0b7003e0037001e80fb00818180006d
:1060d000008070008081880081818000f03f200076
:1060e000808f500009003c00808180000000e000ab
:1060f0000300340050c0b3002cf0b700300037006c
:1061000060c0b3002cf0b7002d0037002c70ef00fa
:106110002b0037009181800080818000808f5000ab
:1061200026003c0091818000c04421000100400015
:106130001e487800908180000000e800908188006f
:106140009181800080818000808f50001b0035008d
:1061500060c0b3002cf0b7003230ef0017003700fa
:106160001e4178004103210082487800818180002f
:1061700070818000c24421005efc070035f0b7004a
:10618000410321009140780035d0bf0080cf5000fe
:1061900004003a008181800070818000c2442100a7
:1061a00078fe07002c70ef00050037002c70ef0020
:1061b000030037000000000001003700000000006d
:1061c000000000000080fa00000006000e00fa0047
:1061d000000f7800120798002307980034079800f2
:1061e0004507980056079800670798001e0078003a
:1061f0001e019000ae0190000288be001e007800d3
:106200003eb99700ceb997006200980073009800dd
:106210001e0078003e019000ce0190002200980000
:10622000330098001e0078001eb99700aeb99700a1
:1062300002089800130898001e0078005e01900084
:10624000ee01900042009800530098001e00780074
:106250007eb197008eb99700220898003308980005
:10626000000000000080fa00000006001200fa00a2
:10627000889fbe006007980072079800030f98007f
:106280006e0090007e0190008e0990000210980030
:10629000131098006e00900090009000100078009d
:1062a0006011b800f0e907000000e00024003200af
:1062b0006e00900060029000f00290006e0090006e
:1062c00090009000100078000001be000400be00a5
:1062d000eaea0700000178000100780082047800f3
:1062e000000478006e009000f000900060009000c4
:1062f00001f0a2006e01900092019000120178005e
:10630000deea0700000178000100780082017800d1
:106310000001780009007800880078000002be00c3
:1063200003007800820078000001be007e0090002b
:106330008e089000f6020700008fbe0003003700b1
:106340007e0190008e099000028fbe006e009000ca
:1063500090009000100078001e0178009e019000cf
:10636000a5eb0700800178000101780003007800a8
:10637000820078000001be006e009000221098009c
:10638000331098006e009000400c9000d00c9000ec
:1063900002002000a33724007e0090008e089000a9
:1063a000b6ea070000017800010078008201780059
:1063b0000001780003007800820078000001be0030
:1063c0000800be00c8e907008001780001017800dc
:1063d00003007800820078000001be006e0090008b
:1063e00042089800530898006e009000b00090009a
:1063f000200090006011b8009be907000000e00059
:10640000290032006e009000000a9000900a90006f
:106410006e009000b0009000200090000001be00cf
:106420000400be0095ea0700000178000100780032
:1064300082047800000478006e00900090089000bc
:106440000008900001f0a2006e019000b2019000df
:106450002201900089ea070000017800010078001d
:1064600082017800000178006e009000400b9000df
:10647000d00b900009007800880078000002be0070
:1064800003007800820078000001be000600be0014
:106490009f0207000001be006e00900042089800b5
:1064a00053089800050037006e0090007e019000b0
:1064b0008e09900042089800530898006e009000e2
:1064c000400a9000d00a90006e009000b00090004a
:1064d000200090000001be000400be0046eb070053
:1064e00080017800010178000300780082007800c4
:1064f0000001be006e0090004210980053109800fa
:106500006e009000f0089000600890000001be004e
:106510007e0090008e0890006ae907000001780074
:10652000010078008202780000027800020020005a
:10653000a337240005007800840078000000be0026
:106540002deb070040079800510798006e0090005f
:10655000d0009000400090006011b80042e90700b0
:106560000000e000250032006e009000200a90003c
:10657000b00a90006e009000d000900040009000a3
:106580000001be000400be003cea070000017800e4
:106590000100780082047800000478006e0090000a
:1065a000b00890002008900001f0a2006e01900059
:1065b000d20190004201900030ea0700000178000b
:1065c000010078008201780000017800090078005d
:1065d000880078000002be00030078008200780086
:1065e0000001be004e009000de009000480207004f
:1065f0002007980031079800040037004e019000f2
:10660000de01900022079800330798006e0090008a
:106610007e0190008e09900062089800730898002f
:106620006e009000d0009000400090002e0190007d
:10663000be019000f0ea07008001780001017800b7
:1066400003007800820078000001be006e00900018
:1066500062109800731098006e0090002012900055
:10666000b01290006e009000d0109000401090008a
:106670000001be000400be001be907000001780015
:106680000100780082027800000278006e0090001d
:10669000f0109000601090000001be00050078002e
:1066a000840078000000be000fe9070000017800b8
:1066b00001007800820078008101780000017800f4
:1066c00003007800820078000000be004f04be0086
:1066d0000080fa00000006000800fa00889fbe0053
:1066e000d4878000e5878000508780006187800024
:1066f0000001be000400be00f2e80700800178003f
:106700000101780003007800820078000000be00dc
:106710006089880071898800f4878000058880007e
:1067200070878000818780000001be000400be00e9
:10673000e4e8070080017800010178000300780098
:10674000820078000000be00e08a8800f18a88009c
:1067500060898000718980000001be00c0102100a6
:10676000c2fe070090878800a1878800e08a800029
:10677000f18a80000001be00c0132100bbfe0700ab
:10678000b0878800c1878800b4ae8000c5ae8000a5
:1067900030878000418780000001be000400be00f9
:1067a000c8e8070080017800010178000300780044
:1067b000820078000000be00608c8800718c880028
:1067c00074ae800085ae800070ae800081ae800027
:1067d0000001be000400be0087ea07000001780047
:1067e00001007800820478000004780094ae8000f4
:1067f000a5ae800090ae8000a1ae80000001be007a
:106800000400be007cea0700000178000100780067
:10681000820178000001780003007800820078008f
:106820000001be0009007800880078000000be006a
:10683000ade80700000178000100780082017800cf
:106840000001780003007800820078000000be009c
:10685000cfef0700008fbe00f48680000587800020
:10686000f0868000018780000001be000400be00a9
:1068700061ea0700000178000100780082047800d6
:10688000000478001487800025878000108780002e
:10689000218780000001be000400be0056ea070008
:1068a0000001780001007800820178000001780082
:1068b00003007800820078000001be000900780023
:1068c000880078000000be0087e80700000178001b
:1068d0000100780082017800000178000300780050
:1068e000820078000000be00a9ef07002007980092
:1068f000310798002e019000be0190001e00780024
:106900009e0090006fe80700800178000101780088
:1069100003007800820078000000be00e08d88004f
:10692000f18d880098878000a9878000b08780005b
:10693000c1878000b2f12200d3e523002eea0700d0
:1069400000017800010078008202780000027800df
:106950000200200003002400050078008400780075
:106960000000be0045e90700000178000100780042
:10697000820178000001780003007800820078002e
:106980000001be000800be0057e8070000017800c3
:1069900001007800820278000002780002002000e6
:1069a00003222c0005007800840078000000be005f
:1069b00011ea0700800178000101780003007800e7
:1069c000820078000000be00708588008185880004
:1069d00098878000a9878000b0878000c1878000e9
:1069e000b2f12200d3e5230003ea0700000178009a
:1069f0000100780082027800000278000200200086
:106a00000300240005007800840078000000be0028
:106a10001ae907000001780001007800820178007f
:106a20000001780003007800820078000001be00b9
:106a30000800be0023e8070000017800010078008c
:106a40008202780000027800020020000322240065
:106a500005007800840078000000be00e6e9070029
:106a6000800178000101780003007800820078003e
:106a70000000be00308588004185880000000000cd
:106a80004f04be000080fa00000006003200fa0049
:106a9000001f980060888000718880000001be009f
:106aa0008000eb000e007800cc0107008088800099
:106ab000918880000001be00410020000e00780097
:106ac000c6010700a0888000b18880000001be00d8
:106ad000810020000e007800c0010700c0888000ff
:106ae000d18880000001be00c10020000e007800a7
:106af000ba010700e0888000f18880000001be0034
:106b0000010120000e007800b40107000089800018
:106b1000118980000001be00410120000e007800b4
:106b2000ae010700e0898000f18980000001be000d
:106b3000810120000e007800a8010700008a800073
:106b4000118a80000001be00c10120000e00780003
:106b5000a2010700208a8000318a80000001be0067
:106b6000010220000e0078009c010700408a80008e
:106b7000518a80000001be00410220000e00780012
:106b800096010700608a8000718a80000001be00c3
:106b9000810220000e00780090010700808a8000aa
:106ba000918a80000001be00c10220000e00780022
:106bb0008a0107000e017800010320000e189000e2
:106bc00002fa0700000000000080fa000000060042
:106bd0005a00fa00402f9800d0878000e18780009b
:106be0000001be008000eb000e007800b601070037
:106bf000f0878000018880000001be004100200075
:106c00000e007800b00107003085800041858000cb
:106c10000001be00810020000e0078006f01070017
:106c200070858000818580000001be00c1002000c9
:106c30000e0078006901070050878000618780009e
:106c40000001be00010120000e0078009e01070037
:106c500070878000818780000001be004101200014
:106c60000e00780098010700708680008186800001
:106c70000001be00810120000e0078009201070093
:106c800050868000618680000001be00c1012000a6
:106c90000e0078008c0107006089800071898000f7
:106ca0000001be00010220000e0078004b01070029
:106cb000e08a8000f18a80000001be0041022000cd
:106cc0000e007800450107001088800021888000b0
:106cd0000001be00810220000e0078007a0107004a
:106ce00030888000418880000001be00c102200081
:106cf0000e0078007401070090878000a187800053
:106d00000001be00010320000e00780033010700df
:106d1000b0878000c18780000001be0041032000d1
:106d20000e0078002d0107005085800061858000ed
:106d30000001be00810320000e007800270107003b
:106d400090858000a18580000001be00c103200065
:106d50000e00780021010700808980009189800061
:106d60000001be00010420000e0078001b01070096
:106d7000008b8000118b80000001be0041042000c8
:106d80000e00780015010700a0898000b1898000fd
:106d90000001be00810420000e0078000f010700f2
:106da000208b8000318b80000001be00c1042000d8
:106db0000e00780009010700c0898000d189800099
:106dc0000001be00010520000e007800030107004d
:106dd000408b8000518b80000001be0041052000e7
:106de0000e007800fd0007000e01780081052000ec
:106df0004e28900075f90700000000000080fa009e
:106e0000000006000400fa00008fbe006011b80008
:106e10001e0078009e009000d0e607000000e00011
:106e2000030035001e0078009e009000030037002c
:106e30001e0078009e00900001f0a2008001780002
:106e40000101780003007800820078000000be0095
:106e50000080fa00000006000800fa00008fbe0063
:106e600022079800330798002e019000be01900081
:106e70001e0078009e009000b8e607000000e000c9
:106e8000030034009e0078001e00900002003700ce
:106e9000ae0090003e009000810178000001780073
:106ea00003007800820078000000be000080fa0035
:106eb000000006000800fa00008fbe0022079800bc
:106ec000330798002e019000be0190001e0078004c
:106ed0009e0090009fe607000000e00003003d00d8
:106ee0009e0078001e00900002003700ae00900067
:106ef0003e009000810178000001780003007800d6
:106f0000820078000000be000080fa000000060049
:106f10000c00fa00008fbe0022079800330798008b
:106f200044079800550798002e019000be0190007c
:106f30001e0078009e00900086e607000000e0003a
:106f400003003d00ae0090003e0090000c003700b2
:106f50004e019000de0190001e0078009e0090001f
:106f60007ee607000000e00003003400ce00900041
:106f70005e009000020037009e0078001e00900026
:106f80008101780000017800030078008200780019
:106f90000000be000080fa00000006000800fa00b1
:106fa0002007980031079800b2fd200093042400c8
:106fb0002e009000be009000c2e60700000178009d
:106fc000010078008202780000027800b2fd200003
:106fd000930c240005007800840078000000be00b7
:106fe00085ec0700b2fd200093042400bee60700f4
:106ff000008fbe00b2fd2000930424001e00780024
:107000009e009000b8e607000001780001007800bb
:107010008202780000027800b2fd2000930c240068
:1070200005007800840078000000be0072ec0700c4
:10703000b2fd200093042400a2e6070000017800be
:10704000010078008200780081017800000178005a
:1070500003007800820078000000be000080fa0083
:10706000000006000e00fa00300798004107980063
:1070700052079800630798003e019000ce019000ef
:107080005e009000ee0090008ee6070000017800a0
:10709000010078008202780000027800b2fd200032
:1070a000930c240005007800840078000000be00e6
:1070b00072e7070000017800010078008201780083
:1070c0000001780003007800820078000000be0014
:1070d000e4ec070023e60700000f78001e007800ac
:1070e000000040006100b9005ae60700b2fd200030
:1070f0009304240040e807000001780001007800b4
:107100008201780000017800030078008200780096
:107110000001be005e009000ee00900069e60700ee
:1071200010079800210798009e0090002e00900004
:107130008101780000017800030078008200780067
:107140000000be000080fa00000006000a00fa00fd
:1071500030079800410798004e009000e600470075
:10716000110f40001e00780010017800900190007f
:1071700012079800230798009e0090002e009000b0
:107180008101780000017800030078008200780017
:107190000000be000080fa00000006000600fa00b1
:1071a00010079800210798002e0090008e80e800bc
:1071b000110f40001e007800900078001000900031
:1071c00081017800000178000300780082007800d7
:1071d0000000be000080fa00000006000c00fa006b
:1071e000200798003107980042079800530798003d
:1071f0000e80e800680847009000780011079800aa
:107200000000eb00000f78000b0037001e00780034
:107210008e80e80091004000660047001001780071
:107220001e004100640147001200400091407800b8
:10723000014878001e0fe8001e007800e30f5000a0
:10724000f2ff3400000000000080fa000000060099
:107250000c00fa00200798003107980042079800b8
:10726000530798000e80e8006808470090007800f7
:10727000110798000000eb00000f78000c003700a9
:10728000300020001e0050008e80e8009100400079
:1072900066004700100178001e00410064014700ad
:1072a0001200400091407800014878001e0fe8006d
:1072b0001e007800e30f5000f1ff340000000000d2
:1072c0000080fa00000006000c00fa002007980079
:1072d0003107980042079800530798000e80e80095
:1072e0006808470090007800110798000000eb0044
:1072f000000f78000b0037001e0078008e80e80039
:107300009100400066004700100178001e00410017
:107310006401470012004000914078000148780065
:107320001e0fe8001e007800e70f5000f2ff340047
:10733000000000000080fa00000006000e00fa00c5
:10734000300798004107980052079800630798009b
:107350003e019000ce0190005e009000ee00900093
:10736000d8e507000001780001007800820278006b
:1073700000027800b2fd2000930c24000500780084
:10738000840078000000be00bce607000001780021
:107390000100780082017800000178000300780085
:1073a000820078000000be002eec07006de50700ab
:1073b000000f78001e007800000040006100b90056
:1073c000a4e50700b2fd2000930424008ae707002b
:1073d0000001780001007800820178000001780047
:1073e00003007800820078000001be005e0090007b
:1073f000ee009000b3e50700100798002107980001
:107400009e0090002e00900081017800000178001d
:1074100003007800820078000000be000080fa00bf
:10742000000006001000fa00889fbe008a9fbe0080
:10743000000f780011079800220798003307980082
:10744000440798005507980066079800770798004a
:107450001e00780010047800900490002e00900028
:10746000be009000f7ea07000001be000800be0061
:1074700061e70700000178000100780082057800cc
:10748000000578001e009000100478009004900021
:107490002e009000be0090003dec07000001be00f1
:1074a0000800be0054e707000001780001007800e2
:1074b00082017800000178000300780082007800e3
:1074c0000001be000b0078008a0078000000be00ba
:1074d0007ce5070000017800010078008202780056
:1074e000000278004e019000de0190000500780057
:1074f000840078000000be007be5070000017800f2
:107500000100780002027800800178001e017800f6
:1075100004007800830078000089be001e00780017
:1075200010047800900490002e009000be0090009f
:1075300017ec07000001be000800be002ee70700a0
:1075400000017800010078008205780000057800cd
:107550001e00900010047800900490002e0090000f
:10756000be009000b7ea07000001be000800be00a0
:1075700021e707000001780001007800820178000f
:107580000001780003007800820078000001be004e
:107590000b0078008a0078000000be0052e507006a
:1075a0000001780001007800820278000002780073
:1075b0006e019000fe0190000500780084007800c4
:1075c0000000be0048e507000001780001007800d7
:1075d00002027800800178001e019000040078000b
:1075e000830078000089be00000000004f05be0047
:1075f0004f04be000080fa00000006000000fa0000
:10760000c301a800dca1ef00dea1ef00c1e1a800ea
:10761000000000000080fa00000006000000fa00f0
:10762000c305a800dca5ef00dea5ef00c1e5a800ba
:10763000000000000080fa00000006001000fa00c0
:10764000889fbe008a9fbe004082800051828000d9
:1076500020828800318288008082800091828000b0
:107660006082880071828800300e80008000eb000c
:10767000008fbe00500e80008000eb00c000dd00d7
:10768000000020001e0f40005e974800302e800052
:107690008000eb002007980031079800502e8000f2
:1076a0008000eb00c000dd00000020006401470006
:1076b000e40147003319400023914800120278008a
:1076c0009202900024079800350798001e00780069
:1076d0009e009000dfe40700c2532e007378230061
:1076e000c5e60700000178000100780082017800fb
:1076f0000001780003007800820078004082880052
:10770000518288002e009000be009000d1e4070056
:10771000c2532e0073782b00b7e6070000017800f3
:1077200001007800820178000001780003007800f1
:1077300082007800808288009182880044828000e4
:107740005582800020828000318280000001be00ce
:107750000400be00dbe407000001780001007800af
:107760008201780000017800030078008200780030
:10777000c0828800d1828800848280009582800047
:1077800060828000718280000001be000400be00a3
:10779000cce4070000017800010078008201780045
:1077a000000178000300780082007800a082880041
:1077b000b1828800c0828000d18280000200200057
:1077c000a33724008ce607008001780001017800cf
:1077d00003007800820078000000be005086880018
:1077e00061868800a0828000b182800002002000b3
:1077f000a337240080e607008001780001017800ab
:1078000003007800820078000000be0070868800c7
:10781000818688005486800065868000708680009e
:10782000818680000001be000400be00aee40700b7
:1078300000017800010078008202780000027800e0
:107840000200200003002400050078008400780076
:107850000000be0089e50700800178000101780082
:1078600003007800820078000000be005087880086
:10787000618788005486800065868000708680005d
:10788000818680000001be000400be008de4070078
:107890000001780001007800820278000002780080
:1078a000b2f12200d3e523000500780084007800bf
:1078b0000000be0071e5070080017800010178003a
:1078c00003007800820078000000be007087880006
:1078d00081878800f086800001878000908688007c
:1078e000a18688001087800021878000b0868800ec
:1078f000c18688003087800041878000d08688005c
:10790000e186880098868000a98680005a878000da
:107910006b87800032878000438780004207980091
:107920005307980070878000818780000200200044
:10793000a337240051e5070000017800010078001a
:107940008202780000027800020020000300240078
:1079500005007800840078000000be0047e50700bd
:1079600000017800010078008201780000017800b1
:1079700003007800820078000001be004e009000f5
:10798000de00900058e40700000178000100780054
:1079900082017800000178000300780082007800fe
:1079a0000000be00a7e907000001be000a00be00fb
:1079b00011e60700000178000100780082027800db
:1079c0000002780002002000a337240005007800a0
:1079d000840078000000be0028e507000001780060
:1079e000010078008201780000017800030078002f
:1079f000820078000001be000800be003ae40700e3
:107a0000800178000101780003007800820078008e
:107a10000000be00f086880001878800b8868000dc
:107a2000c98680005a8780006b8780003487800079
:107a3000458780006407980075079800708780006c
:107a40008187800002002000a33724000be5070097
:107a500000017800010078008202780000027800be
:107a60000200200003002400050078008400780054
:107a70000000be0001e50700000178000100780069
:107a8000820178000001780003007800820078000d
:107a90000001be006e009000fe00900012e407009e
:107aa0000001780001007800820178000001780070
:107ab00003007800820078000000be00b4ea0700ee
:107ac0000001be000a00be00cbe5070000017800ff
:107ad0000100780082027800000278000200200095
:107ae000a337240005007800840078000000be0061
:107af000e2e40700000178000100780082017800cc
:107b00000001780003007800820078000001be00c8
:107b10000800be00f4e3070080017800010178004e
:107b200003007800820078000000be001087880003
:107b300021878800d8868000e986800070878000d1
:107b40008187800002002000a3372400cbe40700d7
:107b500000017800010078008201780000017800bf
:107b600003007800820078000001be000800be001b
:107b7000dde3070080017800010178000300780050
:107b8000820078000000be003087880041878800ae
:107b90003087800041878000b2fd200093042400dc
:107ba0006ee307000000e0000c0034003087800026
:107bb00041878000b2fd2000930c2400c1e3070040
:107bc00080017800010178000300780082007800cd
:107bd0000000be0030878800418788003087800021
:107be00041878000b2fd200093042c0059e3070078
:107bf0000000e000010035000c00370030878000f5
:107c000041878000b2fd2000930c2400b6e30700fa
:107c1000800178000101780003007800820078007c
:107c20000000be0030878800418788000000000007
:107c30004f05be004f04be000080fa0000000600a1
:107c40001800fa00e0838000f183800000017800d2
:107c5000810178008000eb000e0078007cfd0700b9
:107c6000f0868000018780000001be0041002000f6
:107c70000e00780059fd07001087800021878000e2
:107c80000001be00810020000e00780053fd0700b7
:107c900030878000418780000001be00c1002000c5
:107ca0000e0078004dfd070050878000618780003e
:107cb0000001be00010120000e00780047fd070012
:107cc00070878000818780000001be004101200094
:107cd0000e00780041fd07000e01780081012000b0
:107ce00020062000b9f50700000000000080fa001f
:107cf000000006000000fa0013e1a90011e1a9004c
:107d00001061a8001021a900800880000040a10097
:107d10000050a100800888000a21ef000621ef0032
:107d2000202620007008880000a025006008880038
:107d3000204280000000a0000010a1000020a1004f
:107d4000204288000108a9002108a80011e1a8002c
:107d5000000000000080fa00000006000000fa00a9
:107d600005e1a8000421a9000068a9002068a80076
:107d700005e1a80000002000a13724000f00070043
:107d8000000000000080fa00000006000000fa0079
:107d90001fe1a8001e21a9000368a9002368a8000c
:107da0001fe1a80000002000a1472400b800070040
:107db000000000000080fa00000006000400fa0045
:107dc000008fbe00200880000040a1000050a100ec
:107dd000200888001e0178009e019000001c2e00e3
:107de00041c6240025e40700000178000100780066
:107df000820278000002780002f02f00f37724005e
:107e000005007800840078000000be00d3e207007f
:107e10000000e0008d003400200880000040a00039
:107e20000050a100200888001e0178009e019000eb
:107e3000001c2e0041c6240010e407000001780059
:107e40000100780082027800000278000200200021
:107e50000310240005007800840078000000be00b4
:107e600006e4070000017800010078008202780033
:107e70000002780002f02f00f3772400050078005c
:107e8000840078000000be00b4e207000000e000bb
:107e900055003400200880000040a1000050a000e0
:107ea000200888001e0178009e019000001c2e0012
:107eb00041c62400f1e307000001780001007800ca
:107ec00082027800000278000200200003282400cb
:107ed00005007800840078000000be00e7e307009a
:107ee000000178000100780082027800000278002a
:107ef00002f02f00f377240005007800840078005a
:107f00000000be0095e207000000e0001d00340004
:107f1000200880000040a0000050a0002008880039
:107f20001e0178009e019000001c2e0041c6240016
:107f3000d2e3070000017800010078008202780097
:107f400000027800020020000338240005007800b9
:107f5000840078000000be00c8e30700000178003c
:107f600001007800820178000001780003007800a9
:107f7000820078000000be007ae207001008880046
:107f8000400037001e0178009e019000001c2e006a
:107f900041c62400b9e30700000178000100780021
:107fa00082027800000278000200200003282400ea
:107fb00005007800840078000000be00afe30700f1
:107fc000000178000100780082017800000178004b
:107fd00003007800820078000000be0061e2070024
:107fe00010088800270037001e0178009e019000cd
:107ff000001c2e0041c62400a0e307000001780009
:10800000010078008202780000027800020020005f
:108010000310240005007800840078000000be00f2
:1080200096e30700000178000100780082017800e3
:108030000001780003007800820078000000be0094
:1080400048e20700100888000e0037001e01780083
:108050009e019000001c2e0041c6240087e307000b
:1080600000017800010078008201780000017800aa
:1080700003007800820078000000be0039e20700ab
:1080800010088800000000000080fa0000000600d0
:108090000400fa00008fbe00f00880000040a1003c
:1080a0000050a100f00888001e0178009e01900099
:1080b000001c2e0041c6240070e307000001780078
:1080c00001007800820278000002780002f02f00a0
:1080d000f377240005007800840078000000be00db
:1080e0001ee207000000e0008d003400f008800070
:1080f0000040a0000050a100f00888001e01780098
:108100009e019000001c2e0041c624005be3070086
:1081100000017800010078008202780000027800f7
:10812000020020000310240005007800840078007d
:108130000000be0051e30700000178000100780054
:10814000820278000002780002f02f00f37724000a
:1081500005007800840078000000be00ffe1070001
:108160000000e00055003400f00880000040a1004d
:108170000050a000f00888001e0178009e019000c9
:10818000001c2e0041c624003ce3070000017800db
:1081900001007800820278000002780002002000ce
:1081a0000328240005007800840078000000be0049
:1081b00032e30700000178000100780082027800b5
:1081c0000002780002f02f00f37724000500780009
:1081d000840078000000be00e0e107000000e0003d
:1081e0001d003400f00880000040a0000050a000f6
:1081f000f00888001e0178009e019000001c2e00ef
:1082000041c624001de3070000017800010078004a
:108210008202780000027800020020000338240067
:1082200005007800840078000000be0013e307001a
:1082300000017800010078008201780000017800d8
:1082400003007800820078000000be00c5e107004e
:10825000d0088800400037001e0178009e01900081
:10826000001c2e0041c6240004e307000001780032
:1082700001007800820278000002780002002000ed
:108280000328240005007800840078000000be0068
:10829000fae207000001780001007800820178000e
:1082a0000001780003007800820078000000be0022
:1082b000ace10700d0088800270037001e017800d5
:1082c0009e019000001c2e0041c62400ebe2070036
:1082d0000001780001007800820278000002780036
:1082e00002002000031024000500780084007800bc
:1082f0000000be00e1e20700000178000100780004
:108300008201780000017800030078008200780084
:108310000000be0093e10700d00888000e0037007f
:108320001e0178009e019000001c2e0041c6240012
:10833000d2e2070000017800010078008201780095
:108340000001780003007800820078000000be0081
:1083500084e10700d0088800000000000080fa00d7
:10836000000006000000fa0002ccbf000000a100df
:108370000010a1000020a10002ecb7000096200030
:10838000206088001061800000a0a00000b0a00064
:108390001061880023cca80023eca8003000200046
:1083a000206188001062800000a0a00000b0a00042
:1083b0001062880043cca80043eca80030002000e5
:1083c0002062880001eca800000000000080fa0094
:1083d000000006000400fa00008fbe00020020002a
:1083e000031c24001e0078009e00900082e307001a
:1083f0000001780001007800820278000002780015
:1084000030848000418480000001be0005007800b7
:10841000840078000000be00b3e10700000178008e
:1084200001007800820178000001780003007800e4
:10843000820078000000be006be107003062880017
:10844000308480004184800067e10700706288000a
:10845000000000000080fa00000006000600fa009c
:10846000008fbe00424798004e4090000004e0009c
:1084700005003a001e0178009e01900032858800b8
:1084800043858800070037004e4090000004e0005c
:10849000040032001e0178009e0190007285880061
:1084a00083858800000000000080fa0000000600bc
:1084b0000000fa00889fbe008a9fbe00948580005d
:1084c000a585800070858000818580000001be0048
:1084d0000400be001fe107000000e00016003d00a0
:1084e00078858000898580009a858000ab85800032
:1084f00084d0bf000080fb006100b90055e1070097
:108500000001be000a00be0077e10700000178000c
:108510000100780082027800000278000801be00a5
:1085200005007800840078000000be0061fa0700b2
:1085300090858800a185880094858000a5858000ad
:1085400070858000818580000001be000400be00af
:1085500002e107000000e00016003400788580008a
:10856000898580009a858000ab85800084d0bf001b
:108570000080fb006100b90036e107000001be0089
:108580000a00be004fe107000001780001007800fa
:1085900082027800000278000801be000500780021
:1085a000840078000000be002bfa07009085880048
:1085b000a185880090858000a18580006011b800a9
:1085c000e6e007000000e0001e0035009085800016
:1085d000a185800002002000031c240006e30700a0
:1085e0000001780001007800820278000002780023
:1085f00030848000418480000001be0005007800c6
:10860000840078000000be0037e107000001780018
:1086100001007800820178000001780003007800f2
:10862000820078000000be00efe0070030628800a2
:108630003084800041848000ebe007007062880095
:108640001e0037003084800041848000e6e007008f
:108650003062880090858000a185800001f0a20032
:1086600002002000031c2400e3e207000001780060
:1086700001007800820278000002780030848000d7
:10868000418480000001be0005007800840078006d
:108690000000be0014e1070000017800010078002e
:1086a00082017800000178000300780082007800e1
:1086b0000000be00cce00700706288005485800096
:1086c0006585800030858000418580000001be0006
:1086d0000400be009fe007000000e00016003d001f
:1086e00038858000498580005a8580006b85800030
:1086f00084d0bf000080fb006100b900d5e0070016
:108700000001be000a00be00f7e00700000178008b
:108710000100780082027800000278000801be00a3
:1087200005007800840078000000be00e1f9070031
:1087300050858800618588005485800065858000ab
:1087400030858000418580000001be000400be002d
:1087500082e007000000e000160034003885800049
:10876000498580005a8580006b85800084d0bf00d9
:108770000080fb006100b900b6e007000001be0008
:108780000a00be00cfe00700000178000100780079
:1087900082027800000278000801be00050078001f
:1087a000840078000000be00abf907005085880007
:1087b0006185880050858000618580006011b80067
:1087c00066e007000000e0001e00340050858000d5
:1087d0006185800002002000031c240086e207005f
:1087e0000001780001007800820278000002780021
:1087f00030848000418480000001be0005007800c4
:10880000840078000000be00b7e007000001780097
:1088100001007800820178000001780003007800f0
:10882000820078000000be006fe007003061880021
:1088300030848000418480006be007007061880014
:108840001e003700308480004184800066e007000d
:1088500030618800508580006185800001f0a200b1
:1088600002002000031c240063e2070000017800de
:1088700001007800820278000002780030848000d5
:10888000418480000001be0005007800840078006b
:108890000000be0094e007000001780001007800ad
:1088a00082017800000178000300780082007800df
:1088b0000000be004ce0070070618800000000006e
:1088c0004f05be004f04be000080fa000000060005
:1088d0000800fa00008fbe002207980033079800b6
:1088e0001e0178009e019000d2878800e3878800ef
:1088f0002e019000be019000f28788000388880056
:10890000000000000080fa00000006000600fa00e7
:1089100010079800210798000040eb00004f7800f6
:1089200058000700ae009000808f500013003d00fb
:108930000040eb00004f7800080037001e80fb006d
:108940008e80e80011004000104078000e00070003
:108950001e4078000040e800004f78001e80fb00b9
:10896000ae009000808f5000f4ff3c002f00070005
:108970000004e00001003a002200070000000000af
:108980000080fa00000006000200fa00004f7800a4
:10899000518480000100e80050848800c01c210040
:1089a000010040001e48780051848000f00f200034
:1089b000808f5000010034008a30ef00000000007a
:1089c0000080fa00000006000200fa0061848000c6
:1089d0000100e80060848800c01c21000100400004
:1089e000104f780061848000f00f2000808f5000cd
:1089f000010034008c30ef001e4078000080fa0047
:108a0000000006000200fa0010c0b3008ef0b700ac
:108a1000edff0700004f78001e80fb00201188004a
:108a2000000000000080fa00000006000000fa00cc
:108a30008ed0bf000080fa00000006000200fa009d
:108a40005184800060848000808f500005003500d4
:108a5000518480006084800000805000000f780006
:108a60000500370061848000001020008100500064
:108a700050848000008f40001e0078000080fa00c3
:108a8000000006000200fa00ecff070080007800fa
:108a90000010200001005000000f78001e00780038
:088aa0000080fa00000006004e
:020000040000fa
:108aa800001000002200000080000000701000008c
:108ab8000c000000820000000000400040000000a0
:108ac800c841000000c841007c10000008000000f8
:108ad80080000000a41000002801000080000000b1
:108ae800841000000600000082000000050000005d
:108af80000a041001c1600000a00000080000000d1
:108b0800a01000000200000080000000cc1100004e
:108b180000010000800000008a100000060000002c
:108b280080000000cc12000000010000800000005e
:108b3800901000000400000080000000cc1300002a
:108b48000001000080000000221000002200000048
:108b580080000000441000001800000080000000a1
:108b6800cc15000030000000800000005c10000000
:108b780014000000820000000000c0003f00000058
:108b88002040000000803f00000000003f0000007f
:108b9800803f0000941000000400000080000000e6
:108ba800cc140000000100008000000098100000b4
:108bb80004000000800000009c1000000400000079
:108bc80080000000a21000000200000080000000e9
:108bd800fc15000020000000820000006937ac008e
:108be800316821002233b4000f1433006821a20039
:108bf80033386300ed3eda000f493f005e987b0092
:108c08003fda0f00c93f00002616000002000000ee
:088c18008000000000000000d4
:020000040000fa
:108c20000000fa000e2eef001e2eef002e2eef0099
:108c30003e2eef004e2eef006e2eef00406ea9008c
:108c4000404ea900402ea900400ea90080cea900e8
:108c500080aea900808ea900816ea900714ea90086
:108c6000370007000136800000f82f008080600088
:108c700010062000010070000036880001368000d8
:108c8000f00f2800808060000010270001007000b5
:108c900000368800e135800000f82f0080806000f9
:108ca000e007200001007000e0358800e135800019
:108cb000f00f28008080600000c0270001007000d5
:108cc000e03588002136800000f82f0080806000a9
:108cd000e00420000100700020368800413480004c
:108ce00000fc2f00008060000000a00040348800dd
:108cf0003136800000f82f008080600020062000c0
:108d000001007000303688000300070000000000fa
:108d10000080fa00000006000000fa002174200024
:108d200062042000730520008248780083487800a0
:108d300042c7a800000000000080fa000000060002
:108d40000000fa0021742000620420007305200056
:108d5000824878008348780042c7a90000000000dc
:108d60000080fa00000006000000fa0021e3a900dc
:108d70002143a800001980000080a1000090a100fc
:108d8000001988002043a900001980000050a000ad
:108d90000060a0000070a000001988001019800079
:108da00000d0a10000e0a10000f0a100101988008f
:108db0002343a800101980000080a1000090a100aa
:108dc000101988001119800030f82f000080600011
:108dd0000040a000101988002203a9002223a90046
:108de00025e3a900f0c0b30024e3b70021198000f7
:108df000f00f2e008080600000f020000100700065
:108e0000201988003303a9001e0ea8001f0ea80019
:108e10001f2ea8001f4ea8001f6ea8003003a80038
:108e20003103a8003123a8003143a8003163a80012
:108e30004119800000fe2f0000806000401988006a
:108e400028e3a90001a8a90021a8a80021e3a800ff
:108e5000000000000080fa00000006000000fa0098
:108e60002023a800000000000080fa000000060097
:108e70000000fa00c06121000080fa000000060036
:108e80000000fa00a1d0bf000080fa000000060038
:108e90000000fa00a170ef00000000000080fa005e
:108ea000000006000000fa002002a9000011800066
:108eb0000010a1000020a1000011880020a2a9003c
:108ec0002062a800100820004011880023a2a900f9
:108ed00023e2a9000188a9002188a80010118000c0
:108ee0000060a1000070a100101188000168a900b5
:108ef0002168a80021e2a8002342a8000000000089
:108f00000080fa00000006000000fa003002a9000c
:108f1000801180000010a1000020a10080118800b5
:108f200030a2a9003062a80010082000c0118800fb
:108f300033a2a90033e2a900901180000060a100d3
:108f40000070a1009011880003c8a90023c8a800e0
:108f500031e2a800000000000080fa0000000600d6
:108f60000600fa0010079800210798000040eb0067
:108f7000004f78000040eb00004f780011003700f0
:108f800000000000101180004900de006140600018
:108f90000004e000fbff3a009e0090000e80e80015
:108fa0000108e800100178001207980011407800cd
:108fb0000080fb00201188001e4078000040e8007f
:108fc000004f78001e80fb00ae009000808f5000a4
:108fd000ebff3c00000000000080fa0000000600eb
:108fe0000000fa00817420009140780000ccb300aa
:108ff00000c060007041b30048e7b700313a80001c
:1090000000e02f00808060008005200001007000db
:10901000303a8800203a80000060a1000070a10072
:10902000203a8800213a800000fe2f000080600076
:109030000000a000203a88001200200080072000d5
:10904000a10920003374200080497800814978000c
:1090500082497800103a8000000178000200a000e8
:1090600060042000710520002374200080497800ee
:10907000814978008249780000000000103a8000a1
:109080004c00de0067406000e14f5000fbff3a00fb
:109090005927a800c03a80000000a0000010a100dd
:1090a0000020a100c03a88005ac7bf000000a000fd
:1090b0000010a0000020a0005ae7b700c03a8000ce
:1090c0000050a1000060a0000070a000c03a88001d
:1090d00059a7a80059e7a80000000000c03a800086
:1090e0004e00de0061406000e14f5000fbff3a009f
:1090f00000000000103a80004500de006140600082
:10910000e14f5000fbff3a00000000000080fa0031
:10911000000006000200fa00004f78008184800001
:109120000100e80080848800c02c2100010040007c
:109130001e48780081848000f00f2000808f50004e
:10914000010034009030ef00000000000080fa00c1
:10915000000006000200fa00918480000100e8008f
:1091600090848800c02c210001004000104f78003e
:1091700091848000f00f2000808f500001003400a7
:109180009230ef001e4078000080fa0000000600d8
:109190000000fa008184800090848000808f50005d
:1091a0000200320010c0b300010037000040eb00a5
:1091b0000080fa00000006000000fa0081848000b0
:1091c00090848000808f50000400350081848000ee
:1091d000908480000080500005003700918480005a
:1091e000001020008100500080848000008040003a
:1091f0000080fa00000006000200fa00eeff0700ff
:10920000800078000010200001005000000f78005e
:109210001e0078000080fa00000006000200fa003c
:10922000004f7800c18480000100e800c0848800fd
:10923000c04c2100010040001e487800c18480001d
:10924000f00f2000808f5000010034009830ef00b4
:10925000000000000080fa00000006000200fa0092
:10926000d18480000100e800d0848800c04c210037
:1092700001004000104f7800d1848000f00f2000e2
:10928000808f5000010034009a30ef001e407800bb
:109290000080fa00000006000000fa00c18480008f
:1092a000d0848000808f50000200320010c0b300d4
:1092b000010037000040eb000080fa0000000600cb
:1092c0000000fa00c1848000d0848000808f5000ac
:1092d00004003500c1848000d084800000805000ec
:1092e00005003700d184800000102000810050006c
:1092f000c0848000008040000080fa00000006006a
:109300000200fa00eeff0700800078000010200045
:1093100001005000000f78001e0078000080fa0065
:1093200000000600809fbe00ec80570031007800ee
:10933000e0848800110078009ef0b7004f00be0066
:049340000000060023
:020000040000fa
:0200000401f009
:04000800cfffff0027
:020000040000fa
:0200000401f009
:04000c00f9ffff00f9
:020000040000fa
:0200000401f009
:040010005bffff0093
:020000040000fa
:0200000401f009
:040014007fffff006b
:020000040000fa
:0200000401f009
:04001800cfffff0017
:020000040000fa
:0200000401f009
:04001c00deffff0004
:020000040000fa
:0200000401f009
:04002000cfffff000f
:00000001FF
